"id","source_file","snippet","label","comentario"
"T2-0001","10159815.txt","Blum define el proceso de modelización como un proceso en el que se traslada elmundo real a las matemáticas en ambas direcciones Blum y Ferri, 2009. Para re-solver los problemas contextualizados en el mundo real, se utilizan las relacionesque se producen entre el Mundo Real y el Mundo Matemático. Estas relaciones seproducen en fases, que forman lo que se conoce como el ciclo de modelización. Esta forma de resolución de problemas relacionados con el mundo real se encuentrapresente en las pruebas PISA Sala y Font, 2019. 13A continuación se representan dos ciclos de modelización, el primero es el de losinformes PISA y el segundo es el propuesto por Blum y Leiss. Figura 1: Ciclo de modelización PISA 2003Dado un problema en su contexto, se formula un problema matemático, del quese obtienen unos resultados matemáticos. Se interpreta el resultado de la soluciónobtenida en su contexto y se valora si es razonable en el problema en el contextodado. Figura 2: Ciclo de modelización de Blum y Leiss 2007El ciclo de modelización de Blum y Leiss es una extensión del ciclo PISA, a14diferencia del ciclo de modelización PISA, se distingue entre la situación real y elmodelo de la realidad. El proceso de resolución de una tarea de modelización queda estructurado en sietepasos, que no se desarrollan de manera lineal, produciéndose un gran número deidas y venidas.comprensión de la situación realsimplificación de la situación y construcción de un modelo de la realidadmatematización o conversión del modelo de la realidad en un modelo ma-temáticoaplicación de procedimientos matemáticos para obtener un resultadointerpretación de este resultado matemático en la realidad de manera que seobtenga un resultado realvalidación de este resultado respecto a la situación inicialcomunicación del proceso completo de resoluciónMuchos de los problemas que se incluyen en las pruebas PISA son problemas conun nivel alto de demanda cognitiva, que tienen un contexto cerrado y de contextorealista, resolver problemas e interpretar situaciones en contextos personales, profe-sionales, sociales y cientficos.","1",""
"T2-0002","10143872.txt","Santiago de Chile. Las asambleas de León c. 1188 y el concejo como base de la estructura social y participación ciudadana.producto de las pretensiones de la madrastra lusa del recién asumido soberano de León. Los decreta, en la experta opinión de Fernández Catón, tienen una misma unidad de redacción y salieron íntegramente de la curia de 1188, al igual que la constitución del reino Fernández, 1993: 186-187. La contribución de todos los estamentos sociales hizo partícipes del pro-yecto político de Alfonso Ix a todas las fuerzas vivas del reino, otorgando una radiografía del pulso público de sus territorios y los alcances y límites de la po-testad y jurisdicción en su oficio. El poder del monarca se veía fortalecido de manera oficial porque sumado a la dependencia clara con el grupo magnaticio ahora estaba sancionado el apoyo de los concejos y del mundo rural en general. La naturaleza de la potestas regia se mantuvo ya que las nuevas asambleas, cor-tes, seguían siendo órgano consultivo en esencia4, que documentalmente ahora contaron con la participación de los bonorum hominium de manera constatable. Alfonso Ix de León llamó a una curia regia en 1194 tras la disolución de la alianza con Portugal y sellada la paz de Tordehumos 1194 con el monarca de Castilla5. En las disposiciones de la asamblea, celebrada en León y Compostela, el rey expresa que fue necesario redactar una nueva constitución debido a la re-lajada aplicación de los decreta de 1188 junto a la continuidad de desórdenes en sus territorios.","1",""
"T2-0003","10037700.txt","Autor: D. Alfonso Fortuny González Director: Dr. Francisco José Correa Ruiz Octubre-2018 ESCUELA TÉCNICA SUPERIOR DE NÁUTICA UNIVERSIDAD DE CANTABRIA Trabajo Fin de Máster AUTOMATIZACIÓN DE LA DISTRIBUCIÓN DE CARGA DEL BQ TINERFE BASADO EN MICROSOFT EXCEL AUTOMATION OF CARGO ARRANGEMENT FOR CHEMICAL TANKER TINERFE BASED ON MICROSOFT EXCEL Para acceder al Título de Máster Universitario en: Ingeniería Náutica y Gestión Marítima Octubre-2018 ESCUELA TÉCNICA SUPERIOR DE NÁUTICA UNIVERSIDAD DE CANTABRIA Trabajo Fin de Máster AUTOMATIZACIÓN DE LA DISTRIBUCIÓN DE CARGA DEL BQ TINERFE BASADO EN MICROSOFT EXCEL AUTOMATION OF CARGO ARRANGEMENT FOR CHEMICAL TANKER TINERFE BASED ON MICROSOFT EXCEL Para acceder al Título de Máster Universitario en: Ingeniería Náutica y Gestión Marítima AVISO DE RESPONSABILIDAD: Este documento es el resultado del Trabajo Fin de Máster de un alumno, siendo su autor responsable de su contenido. Se trata por tanto de un trabajo académico que puede contener errores detectados por el tribunal y que pueden no haber sido corregidos por el autor en la presente edición. Debido a dicha orientación académica no debe hacerse un uso profesional de su contenido. Este tipo de trabajos, junto con su defensa, pueden haber obtenido una nota que oscila entre 5 y 10 puntos, por lo que la calidad y el número de errores que puedan contener difieren en gran medida entre unos trabajos y otros, La Universidad de Cantabria, la Escuela Técnica Superior de Náutica, los miembros del Tribunal de Trabajos Fin de Máster, así como el profesora director no son responsables del contenido último de este Trabajo.","0",""
"T2-0004","10014522.txt","UNIVERSIDAD DE CANTABRIA FACULTAD DE FILOSOFÍA Y LETRAS GRADO EN HISTORIA TRABAJO FIN DE GRADO Director: José Ramón Aja Sánchez Curso 20172018 LA RELIGIÓN DEL EGIPTO FARAÓNICO EN LAS OBRAS DE LOS ESCRITORES GRECORROMANOS: UNA APROXIMACIÓN AL TEMA THE RELIGION OF PHARAONIC EGYPT IN THE WORKS OF GRECO-ROMAN WRITERS: AN APPROXIMATION TO THE SUBJECT ELENA CERÓN FERNÁNDEZ Septiembre, 2018 2 RESUMEN Egipto es conocido por todos por haber albergado una de las civilizaciones más antiguas del Mediterráneo, ya que podemos remontar hoy sus orígenes, al menos, hasta los dos últimos siglos del IV milenio a. C. Griegos y romanos se interesaron desde muy pronto por las maravillas de la civilización egipcia, a la que consideraban no sólo la cuna de la sabiduría, sino también, el origen de muchos de los rasgos que caracterizaron a su propia cultura. Producto de ese interés son los numerosos testimonios escritos que nos han llegado de la Antigüedad, donde autores grecorromanos recogieron las experiencias obtenidas en sus viajes a Egipto, así como sus impresiones acerca de lo que allí conocieron. En este trabajo, analizaremos las obras de algunos de ellos, con objeto de dilucidar qué elementos de la religiosidad egipcia les llamaron especialmente la atención y qué grado de relación guardan esos elementos con la religión griega. Palabras clave: Egipto antiguo, Religión, Fuentes clásicas, Escritores grecorromanos. Influencia del monoteísmo: henoteísmo en la religión greco-egipcia ............... 26 3. 3. CULTO A LOS ANIMALES Y SACRIFICIOS ...................................................... 30 3. 4. EL TEMPLO, SACERDOTES Y ORÁCULOS ...................................................... 36 3.","0",""
"T2-0005","10050439.txt","Nuestro deber ético de ayudarles no puede basarse en una empatía humanitaria que resultaría insuficiente, de modo que la universalidad humanista que está condenada al fracaso es la universalidad de semejantes que se recono-cen a sí mismos en los demás, es decir, que saben que independientemente de nuestras preferencias políticas y religiosas somos todos iguales y compartimos los mismos miedos y pasiones p. 88. 66 Jesús Ignacio Martínez GarcíaDERECHOS Y LIBERTADES ISSN: 1133-0937Número 39, Época II, junio 2018, pp. 63-95 146791082Una de las razones que explican este giro es la necesidad de evitar el uni-versalismo homogeneizador a que tiende el planteamiento clásico. Nuestro mundo tan relacionado y diversificado requiere un pensamiento radical-mente pluralista, abierto a la diferencia. La sociedad moderna se caracteriza por una constante producción de otredad 8. La igualdad ya no puede ser uniformidad sino un esquema sensible a la diferencia 9. Lo analógico cede el paso a lo dialógico. No puede haber reductio ad unum sino gestión de la multi-plicidad. La unitas multiplex es una exigencia de la actual complejidad 10. La igualdad se convierte en conjunción de modos de complementarie-dad. El reconocimiento de la diversidad se vuelve crucial. La potencia del reconocimiento y ésta fue una novedad de Hegel frente a Kant activa la dialéctica de la diferencia. No es proclamación de similitudes ni igualación sino reconocimiento de lo otro y generación de alteridad. La dialéctica es un pasar a otro, en el que algo deviene otro y lo otro en general deviene otro. Lo otro deviene lo otro de lo otro 11.","1",""
"T2-0006","10098476.txt","Ejemplo de meme original Imagen 4. Ejemplo de meme adaptado a la idiosincrasia del grupo Caracterización pragmática del humor de la sociedad española a través del estudio de los memes de Internet 22 Con todo esto, se evidencia que los memes compartidos por una comunidad transmiten la idiosincrasia de esta, pues aporta información sobre cuestiones de actualidad y su actitud ante ellas, el tipo de humor, creencias, tabúes, cuestiones de imagen social, etc. Asimismo, con la aparición de los memes, existe la posibilidad de desarrollar nuevas formas de hacer referencia al mundo González Pérez, 2019. Por lo tanto, como ya ha sido mencionado, para que el destinatario interprete el mensaje humorístico canalizado por el meme, es necesario un conocimiento compartido entre emisor y destinatario y, en gran medida, una competencia sociocultural común. 2. 2. 3. 4. CLASIFICACIONES DE LOS MEMES Con la masiva producción de memes, ha aparecido una gran variedad de distinciones en lo que se refiere a su tipología. La clasificación de los memes varía en función de los diferentes aspectos que se tienen en cuenta para ello. Una de las taxonomías que se ha elaborado para clasificar los tipos de meme ha sido mediante su formato de difusión. Así, los tipos de meme más frecuentes en función de su formato de difusión son los memes en formato GIF, texto, en vídeo o de imagen fija. Imagen 5. Ejemplo de texto Dentro de esta tipología, los que gozan de mayor difusión son los memes de imagen fija. A su vez, dentro de esta clasificación, pueden encontrarse subtipos como los memes en imágenes estáticas con texto, las fotografías, los dibujos, las imágenes retocadas con diferentes herramientas de edición, etc.","1",""
"T2-0007","10027741.txt","El Derecho Positivo es aquel que incluye las reglas de comportamiento que emanan del Poder Legislativo y que se imponen a la sociedad desde el ordenamiento jurídico. Este Derecho Positivo, de carácter coercitivo, no funciona solo, se requiere que se complemente con un Derecho Natural, un derecho de carácter racional y atemporal, al que se le atribuyen unas reglas que perduran a lo largo del tiempo, un contenido constante, como la costumbre o la jurisprudencia, al margen de los cambios que el legislador pueda realizar en ese Derecho Positivo. Se considera que, en el caso de duda en cuanto a aplicación de una norma o regla, ha de prevalecer siempre el Derecho Positivo sobre el Derecho Natural2. Parafraseando a Lisi, el Derecho Natural es un conjunto de principios basados fundamentalmente en la igualdad de los seres humanos y en la identidad de su naturaleza3. Estos principios se considera que tienen una vigencia universal y de carácter superior a las leyes positivas de cada comunidad; se encargan de corregir a dichas leyes positivas en pos de salvaguardarse a sí, a la ley natural4. Las leyes naturales han de ser iguales en todos las comunidades y no admiten cambios ni adaptaciones, puesto que la naturaleza humana es supuestamente igual e inmutable5. Sin embargo, es preciso decir que hay autores que consideran que ese Derecho Natural, desde una perspectiva histórica, ha sido influenciado por las distintas normas de Derecho Positivo que se han ido creando a lo largo del 1 Cariola, A., El Derecho natural y la historia: la afirmación de la libertad de conciencia en el Estado democrático, Revista de estudios políticos, n. 116, 2002, p. 108.","0",""
"T2-0008","10163212.txt","Este sensor analógico por su sencillez carece de librea en Arduino por lo queen este proyecto se puede usar de igual manera sin utilizar ningún añadido,por lo que se obtiene una portabilidad total. Figura 11: Imagen de un sensor lumnico.sharp.c En este caso se construye un demostrador para el sensor de medición dedistancia SHARP GP2DI20 24 y al igual que en el demostrador explicado enel anterior punto, estamos hablando de otro sensor analógico, el cual emite unrayo de luz infrarroja para devolvernos una tensión proporcional a la distanciamedida en el puerto analógico conectado. Por lo tanto al tratarse de otrodispositivo de uso sencillo, no requiere de una librea adicional para su uso. Apesar de esto, en este proyecto este sensor se pretende utilizar en concreto en undemostrador que explicaremos mas adelante por lo que finalmente agregamos31SOPORTE Y USO DE LIBRERÍAS COMPATIBLES CON ARDUINO ENTARJETAS STM32 Y MaRTE OScódigo extra, añadiendo una tarea periódica que con un periodo de ejecuciónconfigurable hace una serie de medidas para devolver la media de estas, estecálculo se realiza para evitar errores puntuales en las mediciones ya que estetipo de sensores tienden a dar alguna medida errónea en ciertas ocasionesde mala luz u objetos con refracciones extrañas. También se ha añadido unacomprobación para que el resultado de nuestras mediciones esté dentro deun umbraleste umbral lo configuramos a nuestro gusto para si supera dichoumbral tomar la acción que se quiera es un disparador. Figura 12: Imagen de un sensor de distancia óptico. 5. 2. Demostradores de libreas con wrappersEn esta sub-sección se construyen demostradores de las libreas para las que se hadesarrollado un wrapper en la fase intermedia del proyecto, es decir, son libreasque que utilizan tal y como se utilizaan en Arduino solo que en vez de llamar asus funciones, se llaman a los envoltorios que se han creado para evitar el C:ultrasonicc.c : Utilizando el sensor Ultrasonic Ranger mostrado en la Figura13, y basándonos en los ejemplos que proporciona el fabricante para este seconstruye un demostrador que ejecuta una medición de distancia en un bucleinfinito y muestra esta medición por pantalla.","1",""
"T2-0009","10052452.txt","Teniendo presente estos principios proponemos, en torno a dos grandes mujeres artistas, y a modo de ejemplo, la realización de tres tipos de activida-des inspiradas en la propuesta de Dolores Apaolaza 2018, que siempre se realizarían con la guía del docente y en vistas a un desarrollo autónomo del conocimiento por parte del alumnado: Análisis visual: hace alusión a aquellos ejercicios en los que el alumnado deba analizar, comparar, comentar o identificar estilos artísticos. Análisis social-artístico: para no quedarse solamente en la parte técnica o estilística de la obra de arte, analizar qué es lo que ésta dice de la época a la que pertenece, cuál es su relevancia histórica o qué nos aporta cultural o socialmente. Con este apartado se pretende aportar el enfoque propio de las CC. SS. a la disciplina de la Historia del Arte, así como estudiarla de manera interdisciplinar. CriterioValoración personal: interpelar al juicio artístico del alumnado, teniendo en cuenta su opinión, y crear un espacio para aprender a debatir, compartir y respetar las ideas de los demás. 46 Antes de presentar esas actividades aportaremos una sucinta visión so-bre la situación de la mujer artista en la Edad Moderna, que nos permita con-textualizarlas adecuadamente. Entre los siglos XVI y las primeras décadas del XIX, alrededor de la mitad de las grandes artistas eran hijas de pintores o es-cultores, mientras que el resto, por lo general, solía proceder de familias de artesanos de otras ramas. Este dato es relevante debido a que, durante estos siglos, los artistas solían trabajar en un taller gremial y en equipo, con un con-junto de aprendices y ayudantes.","0",""
"T2-0010","10050128.txt","as Campañas de Marruecos fueron una serie de operaciones militares de mayor o menor envergadura en las que se vio inmerso el Ejército español entre 1909 y 1927. El escenario de tales conflagraciones bélicas fue el área septentrional del Sultanato de Marruecos, aquel que correspondía proteger a la potencia ibérica dentro de lo acordado en la Conferencia de Algeciras 1906. Las casi dos décadas de irregulares contiendas castrenses fueron ilustrativas de la timorata política imperial española. La penetración colonial española se caracterizó por la intermitencia de la actividad militar en el Marruecos bajo su protección, mayor o menor, en función de la situación internacional, de los cambios gubernamentales en L Diacronie Studi di Storia Contemporanea www.diacronie.it N. 28 42016 La voce del silenzio: intelligence, spionaggio e conflitto nel XX secolo 3 La conspiración turco-comunista: espías, contrabandistas e instructores en el Rif Daniel MACÍAS FERNANDEZ Las Campañas de Marruecos 1909-1927 y, especialmente, la denominada Guerra del Rif 1921-1927, que se insertaba en el ciclo bélico anteriormente citado, fue la ardua e ingrata misión a la que se destinó a la parte más operativa y ambiciosa del ejército español de comienzos del siglo XX. Las trabas y los problemas que tuvieron para pacificar la región que les correspondía por los acuerdos internacionales, acabaron llevando a la inteligencia militar a pensar en intromisiones extranjeras. Espías, informadores y una red de contraespionaje fueron temas protagonistas de una abundante documentación generada por la administración colonial y las legaciones diplomáticas españolas por las cuatro esquinas del mundo.","0",""
"T2-0011","100341917.txt","Introducción: antecedentes Exponer la arquitectura autóctona como espectáculo ya formaba parte habitual de los programas de las exposiciones internacionales Bengoechea, 2004. En casi todas las exposiciones se representaba escenográficamente, con recursos del cartón piedra, una muestra de la tradición arquitectónica local a modo de rememoración del pasado Rovira, 1980: el Borgo Medievale de Turín de 1884; la serie de imitaciones histórico-folklóricas de París de 1889 la Ciudad Colonial y el Pueblo Africano, el Village Flamand de Amberes y el el único ejemplo que no sólo sobrevivió a la propia exposición, sino que ha llegado hasta nuestros días como algo vivo y enraizado en la ciudad . Esta singularidad bebe tanto de la calidad del equipo encargado de su materialización como de los viajes preparatorios realizados objeto de este artículo. 2. El pre viaje Artista, crítico e ingeniero, Miquel Utrillo construyó de 1910 a 1919 el Palau Maricel de Sitges, considerada una de las obras cumbres del Noucentisme y obra emblemática de la nación catalana según Joaquim Folch i Torres. Se trata de un conjunto de edificios conformado por elementos arquitectónicos tomados de otras arquitecturas, tanto palaciegas como populares. Casi como una consecuencia lógica, poco después, el 22 de febrero de 1924, Utrillo presenta al alcalde de Barcelona el anteproyecto para la construcción de IBERIONA: una sección española en la que además de exponerse productos de arte suntuarios, podría verse trabajar a artesanos sirviendo de atracción y espectáculo. El reciente pronunciamiento de Primo de Rivera paralizó el proyecto junto al resto de obras de la Exposición Mendelson, 2006.","0",""
"T2-0012","10155268.txt","UNIVERSIDAD DE CANTABRIA FACULTAD DE FILOSOFÍA Y LETRAS GRADO EN HISTORIA TRABAJO FIN DE GRADO Director: Eloy Gómez Pellón Curso 20202021 CANADÁ FRENTE AL ESPEJO DE LA HISTORIA: LA TRAGEDIA TRAS EL INTENTO DE ACULTURACIÓN DE LAS POBLACIONES ABORÍGENES CANADA FACING THE MIRROR OF HISTORY: THE TRAGEDY BEHIND THE ABORIGINAL PEOPLES ACCULTURATION ATTEMPT ANA ROMANO GALDÓ Junio 2021 1 RESUMEN El presente trabajo analiza el alcance que han tenido, y aún tienen, las políticas de aculturación de los aborígenes en Canadá, así como la posible tipificación de estos hechos dentro de la categoría de genocidio. Para ello, se expondrá la evolución histórica de las relaciones entre colonizadores y aborígenes, especialmente centrada en aquellos acontecimientos que tuvieron lugar entre la segunda mitad del siglo XIX, con el nacimiento de la Confederación Canadiense en 1867, y la primera del XX. Por último, y para valorar el verdadero alcance de estas políticas, se incluye un apartado final dedicado al análisis de la situación actual de los pueblos aborígenes canadienses. Palabras clave: genocidio, genocidio cultural, aborigen, Canadá, multiculturalismo. 2 AGRADECIMIENTOS Me gustaría agradecer el apoyo recibido por todas las personas que me han acompañado durante este largo proceso. Debido a la dificultad que en ocasiones suponía el análisis de un tema tan extenso, y que no goza de especial repercusión en el mundo de habla hispana, ha sido crucial contar con el apoyo de quienes estaban a mi lado cuando el trabajo parecía estancarse. En especial, me gustaría agradecer el apoyo entusiasta de mi familia y amigos, sobre todo de mis padres, así como la ayuda generosa recibida de mi director de Trabajo de Fin de Grado, el Catedrático de Antropología Social de la Universidad de Cantabria Eloy Gómez Pellón.","1",""
"T2-0013","10024973.txt","1 recoge los tamaños obtenidos por este procedimiento y sehan incluido además los resultados obtenidos por microscoa electrónica de transmisión y losobtenidos por el método de Rietveld, que se comenta a continuación. Para poder determinar la estructura de las muestras a partir de los difractogramas en polvose ha realizado un refinamiento de los mismos por el método de Rietveld. El programa utili-zado para el refinamiento Rietveld ha sido FullProf 19 para más información ver Apéndice. Teniendo en cuenta que, como se comentó anteriormente, las muestras nano se oxidan con fre-cuencia, se ha abordado el refinamiento por el método de Rietveld de los espectros de CSIC01y BNF-Starch utilizando la maghemita y su grupo de simeta P4132 , al igual que para elespectro de DTU100. Naturalmente, el refinamiento de la muestra DTU0 se ha realizado em-pleando la magnetita y su correspondiente grupo de simeta Fd-3m. Los refinamientos Rietveld de las muestras DTU100 y DTU0 se muestra en la Figura 4. 4 y losde las muestras nano en la Figura 4. 5. De la Figura 4. 5 resulta evidente que el refinamientode los espectros de las muestras nano es más complejo que el de las muestras naturales demagnetita y maghemita. Por simplicidad a la hora de realizar el refinamiento Rietveld de lamuestra CSIC01, se ha excluido la región del difractograma que contea la contribución amorfade la lice a ángulos bajos. 1K 0. 9 en el caso de considerar nanopartculas esféricas. CAPÍTULO 4. CARACTERIZACIÓN ESTRUCTURAL 16Figura 4. 4: Refinamientos Rietveld de las muestra naturales DTU100 a y DTU0 b. Los pun-tos representan los datos recogidos durante la medida, la nea negra el refinamiento Rietveld, lanea azul la diferencia entre el espectro observado y el calculado residuos, y las neas verdesverticales son las posiciones de Bragg correspondientes a los picos de difracción.","1",""
"T2-0014","100362302.txt","Copyright: 2020 CSIC. Este es un artículo de acceso abierto distribuido bajo los términos de una licencia de uso y distribución Creative Commons Reconocimiento 4. 0 Internacional CC BY 4. 0ANALES CERVANTINOS, VOL. LII, PP. 167-196, 2020, ISSN: 0569-9878, e-ISSN: 1988-8325https:doi.org10. 3989anacervantinos. 2020. 007Análisis formal, temático e intratextual del episodio de Rosaura, Grisaldo y Artandro, de La GalateaJuan Ramón Muñoz SánchezResumenLa Galatea se caracteriza, como el resto de novelas pastoriles españolas y aun de las narraciones en prosa de largo recorrido del Siglo de Oro, por estar conformada, desde una perspectiva estructural, por dos niveles narrativos distintos, uno primario y otro secundario, a saber: la trama principal y los episodios intercalados. Estos son cuatro: el de Lisandro y Leonida, el de Teolinda, Artidoro, Leonarda y Galercio, el de Timbrio, Silerio, Nísida y Blanca y el de Rosaura, Grisaldo y Artandro. Este estudio tiene por objeto principal realizar un pormenorizado análisis, tanto temática como formalmente, del cuarto de ellos, al tiempo que se establecen sus relaciones intratextuales con el resto de la producción literaria de Cervantes. Palabras clave: La Galatea; episodio; celos; matrimonio secreto; rapto. Title: Formal, Thematic and Intratextual Analysis of the Rosaura, Grisaldo and Artandro Episode, of La GalateaAbstract The structure of La Galatea, as it can be asserted for the rest of the Spanish pastoral books as well as for the longer works of prose of the Spanish Golden Age, is characterised by two different narrative levels, one primary and the other secondary: the main plot and the interspersed episodes, of which there are four: Lisandro and Leonida; Teolinda, Artidoro, Leonarda and Galercio; Timbrio, Silerio, Nísida and Blanca; and Rosaura, Grisaldo and Artandro.","0",""
"T2-0015","101015132.txt","Volumen 17, no. 12 202010tiembre de ese año, en el Campus de Nuestra Señora del Pilar, un encuentro sobre Mitología de Oriente y Occidente e invitamos a disertar a Hugo Fran-cisco Bauzá y Leandro Pinkler como referentes en la materia, y contamos con la participación del Dr. Nante como especialista. En este tren de acción, en octubre de 2016, realizamos las i Jornadas In-terdisciplinarias de Mitología USAL, bajo el lema Los Mitos: encuentros entre lo cósmico, lo sagrado, lo heroico y lo humano. El simposio, que duró tres jornadas, incluyó mesas de exposiciones sobre el mito en Oriente y Occi-dente. Todos los docentes e investigadores que participan hoy de este dossier presentaron en aquel momento, motivados por la convocatoria, los primeros avances de los proyectos de investigación cuyos resultados y reflexiones fina-les están desarrollados en los artículos que publicamos aquí y ahora. Los artículos del dossierEl primer texto de los cinco que conforman el dossier es de la autoría del Dr. Eduardo Sinnot y se titula Poesía mítica, relato épico y filosofía. Allí el especialista revisa y refuta la visión positivista, originada a fines del siglo xix y principios del xx, que sostenía que la consolidación de la filosofía como disciplina científica se alcanzó una vez que esta se liberó de la irra-cionalidad del mito. Por el contrario, el Dr. Sinnot explica que hubo más continuidades que rupturas en ese pasaje; y que el material mítico de la poe-sía de Hesíodo y de la épica de Homero presentaba ya expresiones de índole prefilosófica o protofilosófica del pensamiento ético y vehiculizaba diversas modalidades de aproximación a la verdad.","0",""
"T2-0016","10024998.txt","Jesús A. Ruiz TFG - 0 - ESCUELA UNIVERSITARIA DE FISIOTERAPIA GRADO EN FISIOTERAPIA TRABAJO FIN DE GRADO Revisión sistemática: tratamientos del EPOC moderado o grave. Systematic review: moderate or severe treatment of COPD. Presentado por Jesús A. Ruiz Sánchez Tutelado por Ruth Lagunas Fernández Torrelavega 962014 Jesús A. Ruiz TFG - 1 - Índice Resumen ............................................................... 3 Introducción ............................................................ 5 Justificación ........................................................... 8 Objetivo ............................................................... 8 Metodología .......................................................... 9 Resultados ............................................................ 14 Discusión ............................................................. 21 Bibliografía .......................................................... 25 Jesús A. Ruiz TFG - 2 - Índice de acrónimos: EPOC : enfermedad pulmonar obstructiva crónica. RHB: rehabilitación. CO2 : monóxido de carbono. OMS : organización mundial de la salud. FV : frutas y verduras. RP : rehabilitación pulmonar. MMSS : miembros superiores. MMII : miembros inferiores. Jesús A. Ruiz TFG - 3 - Resumen OBJETIVO: El objetivo de esta revisión sistemática es determinar y comprar distintos tratamientos sobre la EPOC en sujetos a través del análisis y estudio de la evidencia científica disponible sobre este tema. MATERIALES Y MÉTODOS: la búsqueda de artículos se realizó utilizando la base de datos MedLine. Los criterios de inclusión utilizados para la selección de estudios en esta revisión fueron los siguientes: ensayos clínicos aleatorizados, publicados desde el 2011, en humanos, adultos, mayores de 18 años, en ingles, español o portugués. Los criterios de exclusión fueron: artículos cuyos pacientes tuvieran otra afectación importante, artículos en los que los sujetos necesariamente tuviesen exacerbaciones de EPOC, que el objetivo no quedase claro o tuviese intereses personales, artículos sin grupo placebo o control, tratamientos sin la supervisión de un terapeuta y artículos que no se consideraron significativos.","0",""
"T2-0017","100251516.txt","xi El aislamiento de una estructura es la herramienta más potente de la ingeniería sísmica, basándose en la reducción de la demanda sísmica en lugar del incremento de la capacidad resistente de las estructuras, que consiste en desacoplar la estructura del suelo, que permite un control pasivo de las vibraciones de la estructura y provoca la reducción de las fuerzas sísmicas. Los aisladores son elementos que se ubican en la interface del suelo y la estructura, los cuales proporcionan suficiente flexibilidad a la estructura reduciendo considerablemente la rigidez del sistema, provocando el incremento del periodo fundamental. pisos, donde se realizan tres modelos sísmicos: el primer modelo es un sistema de muros estructurales con cimentación fija, el segundo modelo es el mismo sistema de muros estructurales con el uso del aislador elastomérico HDR y el tercero modelo es un sistema aporticado con el uso del aislador elastomérico HDR. Al realizar el análisis dinámico con el uso de la aceleración espectral los resultados revelan que el desplazamiento absoluto para el edificio de sistema de muros estructurales con aislador se incrementa 519 y para el edificio de sistema aporticado con aislador se incrementa 705 en la dirección y, con respecto al desplazamiento absoluto del edificio de sistema de muros estructurales con cimentación fija. Respecto al desplazamiento relativo para el edificio de sistema de muros estructurales con aislador disminuye un 69 y para el edificio de sistema aporticado con aislador incrementa un 83 en la dirección y, con respecto a los desplazamientos relativos del edificio con cimentación fija.","0",""
"T2-0018","101015202.txt","Se presentan algunas reflexiones sobre ciertos temas que se encuentran en las asignaturasmaterias de la licenciatura en Enseñanza de la Historia, ofrecidas por universidades federales ubicadas en la región amazónica de Brasil. De manera específica, se reflexiona acerca de cómo aparecen las discusiones sobre la enseñanza de historia y el libro de texto en las carreras analizadas. Se utilizan los diseños curriculares de los cursos introductorios de grado, también llamados Proyecto Político Pedagógico PPP o Proyecto Político Curricular PPC, como una opción para problematizar algunos objetos de estudio como la enseñanza y el libro de texto en las referidas carreras de licenciatura. El análisis demuestra que los diseños curriculares investigados han tematizado predominantemente la historia europea y mantienen la clásica periodización cuadripartita: historia antigua, medieval, moderna y contemporánea. Además, existe poco interés en reflexionar sobre la enseñanza de la historia y menos muestra la localización de área en que se encuentra las instituciones investigadas. Figura 1. Localización de la Amazonia brasileña Fuente: elaboración propia. La formación docente inicial del profesor de Historia en Brasil: temas, reflexiones y desafíos Según el Instituto Brasileño de Geografía y Estadística IBGE, la Amazonía brasileña tiene un área aproximada de 5. 217. 423 km2, que corresponde aproximadamente al 61 del territorio brasileño IBGE, 2020. Las instituciones investigadas en el presente artículo san las siguientes: Universidad Federal de Amazonas UFAM, Universidad Federal de Acre UFAC, Universidad Federal de Amapá Unifap, Universidad Federal de Pará UFPA, Universidad Federal del Sur y Sudeste del Pará Unifesspa, Universidad Federal del Oeste del Pará Ufopa, Universidad Federal de Rondnia UNIR, Universidad Federal de Roraima UFRR, Universidad Federal de Tocantins UFT, Universidad Federal de Mato Grosso UFMT y Universidad Federal de Maranho UFMA.","1",""
"T2-0019","10101928.txt","El objetivo inicial era que estos componentesfuesen reutilizables para problemas y datos procedentes de diversos dominios, alestilo de Oracle Predictive Analytics. No obstante, estos componentes debeanpoderse optimizar para un problema concreto si a se desease, tal como enZorrilla y Gara 17. En segundo lugar, para que estos componentes fuesenutilizables por usuarios no expertos, desarrollaamos DSLs, al estilo de OraclePredictive Analytics, pero adaptados a las necesidades de cada usuario. EstosDSLs tendan que permitir plantear un problema de minea de datos utilizandoprimitivas de alto nivel y una jerga cercana al dominio del usuario. Se buscaFigura 1. Ejemplo de consultas para el ámbito educacional.además que la forma de plantear dichos problemas sea lo más flexible posible. Las sentencias escritas utilizando el DSL se transformaan en código de bajonivel encargado de invocar los componentes reutilizables para dar respuesta alproblema planteado por el usuario. Esta idea fue inicialmente explorada mediante la creación de un DSL, másun conjunto de procesos de minea de datos, para el ámbito educacional. Lasiguiente sección describe dicho trabajo. 2. 2. Un DSL para el Análisis de Datos EducacionalesPara explorar nuestra idea inicial, desarrollamos un DSL para el análisis dedatos provenientes del dominio educacional 16. El objetivo de este DSL era quelos profesores pudiesen explotar los datos que plataformas de aprendizaje comoMoodle 11 recopilan acerca del desarrollo de sus asignaturas, con el objetivo deextraer de dichos datos información que pudiese ayudar a mejorar el rendimientolas asignaturas. Concretamente, tratamos de resolver dos tareas de análisis. La primera deellas consista en identificar los diferentes tipos de perfiles que existan dentrode un conjunto de datos.","1",""
"T2-0020","100360399.txt","Desde las postrimerías de la campaña presidencial, la mirada detenida del gobierno norteamericano tenía en buena opinión la figura del general Medina Angarita. Así lo testifica la comunicación producida por la embajada esta-dounidense en Caracas al Departamento de Estado cuando se considera al 39La dinámica de las relaciones diplomáticas entre Venezuela y los Estados Unidos durante el gobierno del general Isaías Medina Angarita 19411945 Luis Manuel Marcano Salazarvirtual presidente como ...un hombre con capacidad y además respetado en las filas de las fuerzas armadas venezolanas NARA, 19401. Sin embargo, en la misma comunicación Corrigan advierte sobre la descon-fianza de la que gozaba en Venezuela Medina Angarita por ser considerado por sectores de la sociedad como la continuación y renovación del gomecismo, por haber sido secretario privado del presidente Eleazar López Contreras y su hom-bre de confianza. Durante toda la etapa electoral que culminó con la elección presidencial por el Congreso, los Estados Unidos permanecieron atentos a los acontecimientos a través de la mesurada observación de su representante, el em-bajador Corrigan. En tales circunstancias, dos días después de las elecciones, el 30 de abril de 1941, Corrigan advertirá al Departamento de Estado sobre la poca popularidad del nuevo presidente al comparar el número de personas que asis-tió a su proclamación con la multitud que acostumbraba a acompañar al general López Contreras en sus mensajes al Congreso NARA, 19412. Nuestro objetivo será aproximarnos a esa realidad diplomática a partir de fuentes primarias recabadas en los Archivos Nacionales de Washington D. C. y en los archivos de la cancillería venezolana y del palacio presidencial, e inten-tar dar respuesta a dos preguntas fundamentales: estuvo la política exterior del gobierno de los Estados Unidos hacia Venezuela en el período19411945 condi-cionada por el factor petrolero únicamente?, y fue fundamental el tema petro-lero para la consolidación de un entendimiento mutuo?","1",""
"T2-0021","100254306.txt","t 124 I. Lindem ans N o es un lenguaje jurídico, sino un lenguaje hum ano! En principio, estas palabras implican todo y no excluyen nada: la partici pación en la vida de la empresa. En principio, no se excluye ninguna forma. Son solamente las personas quienes pueden participar: es una parti cipación de personas. Para saber lo que es la participación, debemos saber lo que es una persona, lo que es el trabajador. La participación parte de la idea que son personas las que actúan como tales, que están reconocidas como tales, que guardan su personalidad hum ana, que tienen su propia autonom ía para pensar, hablar, concertarse y actuar. Por consiguiente, la participación de personas en la empresa implica tanto el grupo como el individuo, tanto los trabajadores de la empresa como los trabajadores del taller, los que dicen s i como los que dicen no , los trabajadores que protestan y se agrupan, tanto los trabajadores como los grupos de trabajadores: los sindicatos. Además, la participación de los trabajadores en la empresa se caracteriza bajo la doble form a en la cual se expresa toda form a de participación: por la intervención y la acción constantes de los hombres por una parte, y por estructuras de conducción y de garantía de la participación por otra parte no pudiendo separar las unas de las otras. Por lo cual podemos afirmar negativamente, que no se puede reducir la participación a una nueva forma de movi miento de relaciones hum anas ; Que tam poco se la puede reducir simplemente a los cambios de estructura que aseguran la salvación.","0",""
"T2-0022","10142000.txt","Si bien en el resto de las cuestiones tratadas en este trabajo, se protege cada vez mas su figura, la situación de las clausulas IRPH me tiene totalmente desconcertado. Eso sí, aunque haya sido el Tribual Supremo en su Sala de lo Civil el culpable de esta situación, esto no es mas que la consecuencia de una decisión del TJUE, que deja abiertas las posibilidades de que cada estado decida, con el peligro jurídico que conlleva, se deben repartir las culpas, puesto que es un problema que seguro se repetirá en más países de la unión europea por una resolución a medias del tribunal con capacidad decisoria. Pero que no se olvide que estas decisiones traen consecuencias, como problemas jurídicos por doquier, inseguridad jurídica, falta de legislación y un absoluto desamparo para los consumidores en esta materia. Aun así, esperemos que en los próximos meses esta situación sea modificada por el Tribunal Supremo, lo cual no debería extrañar a la gente, debido a su carácter voluble del que tan consciente ha sido el pueblo español durante la década anterior. 37 7. CONCLUSIONES El análisis pormenorizado realizado en los puntos anteriores me lleva a establecer una serie de reflexiones interesantes acerca de la situación de los gastos hipotecarios en el momento actual. Primero, como se ha dejado entrever a lo largo de todo el trabajo, que la situación del reparto de los gastos de constitución de la hipoteca a cambiado positivamente para el consumidor. En el momento actual, se da un reparto equitativo, que vela por los intereses y por la protección de un consumidor enterado en todo momento de que es lo que está firmado, cuestión que regula de forma novedosa la nueva ley de Contratos de crédito hipotecario.","0",""
"T2-0023","10032910.txt","Cuál de ellas puede resultar más interesante para desarrollar la alfabetización audiovisual en el aula? Por tratarse de metodologías activas todas ellas pueden ser aptas para ello y en cualquier caso en base a cualquiera se puede plantear una propuesta. A continuación, se describirá brevemente la esencia de cada una y se justificará la elección de una de ellas. Por una parte, se plantea El ABP, que es una metodología que plantea al alumno un problema inicial que debe resolver. Se presenta un problema al alumno, el cual identificará que necesidades de aprendizaje que necesita satisfacer para resolver el problema. A continuación, buscará información y posteriormente regresará al problema para proceder a su resolución. Atienza, 2008. Por otra parte, el Método de Caso parte de una situación concreta de la cual se dan los detalles necesarios en función de lo que se quiera trabajar y el cual vehiculiza a través de la discusión constructiva que genera, el desarrollo de conocimientos, actitudes y habilidades previstos para la sesión y para el curso en general. Labrador, Andreu y González-Escrivá, 2014. Con respecto al Aprendizaje Cooperativo, este se basa en plantear objetivos compartidos por el grupo clase y en el trabajo en pequeños grupos y en ocasiones individual para lograr conseguirlos obteniendo posteriormente un feedback. Morera, Climent, Iborra y Atienza 2015, p. 14. La Flipped Classroom es definida por Bergmann y Sams 2012 de la siguiente forma: the concept of a flipped class is this: that which is traditionally done in class is now done at home, and that is traditionally done as homework is now completed in class p. 13.","1",""
"T2-0024","10050965.txt","1, para analizar después el concepto de paseo matemático como proceso de aprendizaje véase apartado 2. 2 y destacar todo aquello a lo que puede contribuir positivamente. De forma global estos capítulos consisten en una somera intervención sobre la idea de cómo poder poner en práctica los conocimientos del currículum e interiorizarlos, en un ambiente más distendido y 8 predispuesto al aprendizaje junto a la diversión, el trabajo en equipo y, sobre todo, la predisposición de los estudiantes. Para ello se recurre a la legislación vigente y autores experimentados. A continuación, el escrito prosigue con una metodología de enseñanza véase apartado 3. 1 ajustada a la práctica a desarrollar, donde se explica la forma de conseguirlo con trabajo en equipo, juego, análisis de información y debate; un aprendizaje indirecto, pero sólido. Una vez apoyado el texto en el marco teórico y desarrollada la propuesta, ésta última se lleva a la práctica con el fin de obtener aquellos aspectos más relevantes, propios expresamente de la experiencia véase apartado 3. 2 en un centro concreto y con un alumnado determinado. Como aporte final, se extraen las conclusiones más objetivas al respecto y se detallan en el apartado que le sigue, diferenciado en tres ámbitos distintos véase apartado 4. Por último, el autor se toma la libertad de exponer una reflexión basada en las conclusiones a las que se ha llegado véase apartado 5 con la elaboración de este escrito y su implicación real, donde se pone en cuestión el paseo matemático dentro del centro como recurso.","1",""
"T2-0025","10003479.txt","41 Conclusiones ........................................................................................................................ 42 Índice de figuras .................................................................................................................. 45 Bibliografía .......................................................................................................................... 46 4 INTRODUCCIÓN Cumpliendo con los objetivos descritos en el reglamento del Trabajo Fin de Grado en Historia con Mención en Historia Aplicada1 me dispongo a desarrollar la memoria de las prácticas curriculares correspondientes, habiendo sido realizadas estas en la biblioteca del Seminario de Monte Corbán. Con ella, daré respaldo teórico a las actividades bibliotecarias llevadas a cabo entre el 14 de mayo y el 22 de junio, con horario comprendido entre 10: 00 y las 14: 00 horas, sumando así 120 horas de las 300 horas totales destinadas al TFG completo. Dicho trabajo profundizará en el papel de la biblioteca del Seminario como conservadora y difusora del patrimonio bibliográfico de la de la Diócesis de Santander, así como la realización de un proyecto de planificación orientado a la redistribución de la colección local, aprovechando para indagar en las actividades propias a la biblioteca como la catalogación, recuento, sellado, expurgo, etc. Todo ello se realizará bajo la supervisión de la Dra. Virginia Cuñat Ciscar como tutora de la Universidad y Don Jesús Jimeno González, sacerdote responsable de la biblioteca, como tutor externo. Esta labor me permitirá poner en práctica los conocimientos adquiridos durante la carrera, especialmente en tres asignaturas, pertenecientes todas ellas a la Mención en Historia Aplicada: Depósitos de la Cultura Escrita: Archivos y Bibliotecas por su relación directa; Museología y Museografía con los conocimientos teóricos y prácticos sobre la difusión; al igual que Arqueología: interpretación y difusión, por conocimientos prácticos sobre difusión.","0",""
"T2-0026","10138815.txt","En breve, podríamos decir que la masificación de prácticas educativas no formales desarrolladas en el período anterior, caracterizada por la gestación de múltiples prácticas de capacitación y formación cultural y política enfocadas hacia adultos de los sectores populares prácticas que, como decíamos, conformaron una institucionalidad educativa paralela al sistema educativo formal, generó una distancia de lo educativo entendido como simple instrucción, acercando a esta categoría a otras definiciones e intencionalidades políticas. Así, lo educativo pasó de ser entendido como el motor del desarrollo nacional a una herramienta de integración social en el discurso corporativista-estatal de la DC, para luego ser redefinido durante la UP, por un lado, como un vehículo de transmisión ideológica, con fines político-clientelares y, por otro lado, como ejercicio de concientización en base a la propuesta desarrollada por el brasilero Paulo Freire. En este trabajo, planteamos que detrás del discurso y la práctica de los cineastas y documentalistas del Nuevo Cine Chileno pueden leerse -implícita y explícitamente- estas dos últimas concepciones de lo educativo, decantando -a lo largo del período de la UP- hacia la segunda concepción la freiriana, al redefinirse el rol de los cineastas en la coyuntura centrándose en la concientización como objetivo, sobre todo en la propuesta del cine documental. Para desarrollar esta idea, definiremos dicha concepción freiriana, haremos un brevísimo balance del desarrollo político, artístico y cultural que adoptó esta línea y terminaremos revisando el discurso y la práctica de los cineastas en relación al rol político del cine -y su rol como sujetos- centrándonos en la propuesta de Miguel Littín, Raúl Ruiz y Patricio Guzmán.","1",""
"T2-0027","10158023.txt","Cualquier persona que quiera alquilar una bicicleta por su cuenta en nuestra empresa y no quiera hacer ninguna de nuestras rutas no tendrá ningún problema. Ya que Bike Tour CLH S. L. también ofrece el alquiler de bicicletas montaña, paseo, eléctricas por horas, días o incluso por semanas. Los servicios que ofreceremos serán los siguientes: Guía oficial Monitor titulado Alquiler de bicicleta montaña, paseo, eléctricas Equipos Protectores y de Seguridad cascos, candados, reflectantes Equipamiento ropa deportiva, zapatillas, mochilas, gafas de sol, luces led, gps Seguros y asistencia médica Trabajo fin de Grado: Bike Tour CLH S. L. 21 Refrescos y comida También ofrecemos los siguientes servicios complementarios: Atención individualizada y personalizada Elaboración de rutas a la carta 4. 2 SITUACIÓN DEL MERCADO. COMPETENCIA Según el informe El impacto económico del cicloturismo en Europa19, se estima que este modelo turístico factura en torno a 1. 620 millones de euros anuales en España, una cifra que asciende a los 44. 000 millones si se contabiliza toda Europa. Desde mi punto de vista, a pesar de que es un modelo de turismo que desestacionaliza la oferta, todavía en España se han dado unos pequeños pasos en comparación con el gran potencial que tiene este modelo. España está todavía alejado de otros mercados desarrollados como pueden ser el alemán, francés y el británico las tres potencias cicloturistas de Europa. Cataluña y el País Vasco son las comunidades más pioneras de España en cicloturismo. Después de ver un poco la situación del mercado en España y Europa vamos a centrarnos en la Comunidad donde vamos a instalar nuestra empresa.","0",""
"T2-0028","10141116.txt","El 8 de enero de 2016 se firma, por los representantes de los trabajadores y los de la empresa, acta final de periodo de consultas, con acuerdo, en nuevo procedimiento de modificación sustancial colectiva de condiciones de trabajo iniciado en fecha 4 de diciembre de 2015. El citado acuerdo extiende sus efectos desde el 1 de enero de 2016 al 30 de junio de 2018. Dicho acuerdo, que se da expresamente por reproducido, entre otras medidas establece una reducción salarial de un 5 del salario bruto fijo anual y el retraso el pago de las nóminas al día 10 del mes siguiente al del devengo. Se establecen cláusulas de recuperación salarial con remisión al acuerdo del año 2013 para los trabajadores cuyos centros de trabajo cumplan con los objetivos del EBITDA, o si se cumplen los objetivos del EBITDA de los 9 clubes del grupo. Se establece una mejora en las indemnizaciones por despido objetivo. Se prevé que la empresa reciba las solicitudes de extinción contractual que al apareo del presente procedimiento pudieran formular los trabajadores, pero se reserva la facultad de valorar si las mismas tendrían o no encaje en el art. 41. 3 LET. Se establece una bolsa en virtud de la cual trabajadores en determinadas condiciones divorciados con pensiones alimenticias, abonos de hipoteca, etc. pueden solicitar su inclusión para que se le abone las nóminas en el retraso estipulado. La empresa no ha accedido a ninguna de las solicitudes de extinción formulada por los trabajadores en invocación del art .","0",""
"T2-0029","100362145.txt","224r, línea 26a fol. 225v, línea 2Sáez 2020, 69 califica de basura textual las escasas referencias a va-riantes de acentuación y puntuación. De haber leído mi Disposición del aparato crítico, habría reparado en una norma invariablemente seguida: Salvo en casos excepcionales que afectan al significado, prescindimos de anotar divergencias en puntuación, separación de palabras, cursiva, mayúscu-las y otros aspectos menores 2012, 215; de otro modo, gran parte del texto merecería un comentario. Anotaré tan solo dos pares de ejemplos2. Afirma el mismo editor que el que suscribe tiende a la búsqueda de sen-tidos esdrújulos de todo pelo crípticos, eróticos, políticos 2020, 69. No siento preferencia alguna por conceptos expresados con tal acentuación y desconozco a qué se refiere con crípticos. Respecto a los sentidos eróticos en los entremeses con este mismo tema Rufián viudo, Vizcaíno fingido, Retablo de las maravillas, Cueva de Salamanca, Viejo celoso aunque, en mayor o menor grado, lo sexual aparece en casi todos, no conozco un solo editor que los haya silenciado; si no se dieran tales dobles sentidos o equívocos, por el 1. Cervantes 2012, 16, n. 22. 24; 301; 303; 304, Título y n. A; 305, n. 15. 9-10; 307, nn. 16. 22-24 y 16. 24; 313, n. 20. 124-125; 325, n. 263; 327, n. 27. 268. 2. Una coma o su ausencia en El juez de los divorcios permite distinguir de noche alta, cabe-cera de la cama de la lección ambigua de noche alta cabecera de la cama, a la vista de otras: de noche alta la cabecera de la cama o de noche, alta la cabecera de la cama: califica alta a noche o a cabecera?","0",""
"T2-0030","10008511.txt","Educ Med. 2018; 195: 271--276www.elsevier.esedumedEducaciónMédicaORIGINALImplantación de una actividad de formación médicacontinuada y evaluación de su calidad en los Serviciosde Urgencias de Atención Primaria SUAP de CantabriaAmador Sevillano Marcosa, José Ignacio Cantero Santamaríab, Héctor Alonso-Vallec,, María Carmen Barbero Lagob y Mario Ruiz Nún ezba Servicio de Urgencias de Atención Primaria del SUAP de Puentenansa, Puentenansa, Cantabria, Espan ab Servicio de Urgencias de Atención Primaria del SUAP Miera, Miera, Cantabria, Espan ac Servicio de Urgencias del Hospital Nacional Marqués de Valdecilla, Santander, Cantabria, Espan aRecibido el 19 de marzo de 2017; aceptado el 7 de abril de 2017Disponible en Internet el 19 de junio de 2017PALABRAS CLAVEUrgencia; Evaluación; FormaciónResumenObjetivo: Evaluación de la puesta en marcha de una actividad formativa para profesionales delos servicios de urgencia de atención primaria SUAP que les dote de las herramientas necesariaspara la resolución in situ de los procesos urgentes, con los medios y recursos disponibles en cadacentro. Método: Cuestionario anónimo de valoración de la actividad realizada durante cada una de lassesiones del an o 2015. Dicho cuestionario fue cumplimentado al final de cada sesión, permi-tiendo valorar a los docentes de manera individualizada. Resultados: La plantilla de los SUAP de Cantabria es de 123 médicos y 123 profesionales deenfermería. De ellos han asistido a las sesiones un total de 178 profesionales 72 de la plantilla. De los asistentes han cumplimentado la encuesta de valoración de la actividad una media de 143profesionales 80 del total de asistentes, 81 mujeres y 19 varones. El 58 de los asistenteseran médicos de familia y el 42 personal de enfermería.","1",""
"T2-0031","100359917.txt","También es un trabajo riguroso que se enmarca en una creciente literatura, dedicada a problematizar, discutir y visibilizar la importancia de la claridad en el lenguaje jurídico y la necesidad de comprenderlo. En el ámbito hispanoamericano, Carretero 2005, 2019; Montolío 2012; García Calderón 2012; Poblete y Fuenzalida 2017; Relinque 2017; López Medina 2018; González Zurro 2018; De Cucco Alconada 2019; Núñez Sánchez 2019; y Moreu Carbonell 2020 representan una muestra significativa de esa bibliografía. Desde el prólogo, firmado por el catedrático de Derecho Administrativo de la Universidad de Barcelona, Juli Ponce Solé, el nuevo libro de Montolío y Tascón ya ofrece un tratamiento oportuno y esclarecedor sobre el denominado derecho a entender. Que los ciudadanosconsumidores así expresados, pues esta es nuestra doble faceta entiendan las comunicaciones del sector público y del sector privado son un derecho subjetivo que ostentan, el cual genera auténticas obligaciones jurídicas para los entes públicos y las empresas privadas p. 5. Aunque cada una de las piezas que conforman el ordenamiento jurídico no se refiera explícitamente a ese derecho, la obligación de diligencia de los gobiernos y administraciones de hacerse comprender forma parte intrínseca de los principios de buen gobierno y del derecho a una buena administración p. 8. La inobservancia de esa dimensión intrínseca atenta directamente contra los principios fundantes del Estado de Derecho: legalidad, seguridad jurídica, racionalidad. El lenguaje claro es el instrumento principal que suele ser formulado cuando se habla de la existencia de un derecho a entender, y aquí se propone, además, considerarlo como un nudge que, en el ámbito de las políticas públicas y la economía conductual, contribuye en la mejora y efectividad de las decisiones públicas y en el desarrollo de mejores regulaciones p. 10.","0",""
"T2-0032","100253630.txt","Fernando Reati ha sostenido que el mundo que Coelho crea en su trilogía se afirma sobre una atemporalidad ambigua donde los horrores del pasado se entrelazan con los del presente y el futuro Kurlat Ares, entre la mitología 112. Ese mundo se presentaría, entonces, como extraño y a la vez vagamente familiar, atemporal pero históricamente determinado, universal y, sin embargo, siniestramente parecido a la Argentina de las últimas tres décadas Kurlat Ares, entre la mitología 113. Esta definición es la manera en que Reati ancla lo que presenta como un rasgo predominante Y es cierto que esa superposición tiene en la serie las referencias que Reati le otorga. Sin embargo, también es posible pensar ese fuera del tiempo, esa suspensión, sosteniendo la multiplicación de temporalidades sin apelar a referencias alegóricas precisas, desarmando el par atemporal-histórico. En el marco más amplio de un estudio sobre los imaginarios para después del final en la narrativa argentina reciente que se interroga por sus modos de constitución y por la potencia que pueden adquirir en un contexto de proliferación y captación de los mismos por diferentes mercados me propongo abordar, siempre en el contexto de la serie, Promesas naturales. Desarrollaré, en una primera instancia, el lugar particular que esta novela ocupa en la trilogía en función del modo en que presenta la información elidida en los episodios previos y de la forma en que multiplica espacios y personajes mediante la introducción de un tiempo urgente ligado a la huida. En los apartados siguientes analizaré las diferentes temporalidades que se ponen en juego en la novela en relación con los territorios que recorre la protagonista y cómo las mismas se relacionan con diferentes formas de comprender la supervivencia.","0",""
"T2-0033","10171333.txt","Quiere decir en este caso, asistencia de los miembros de un colectivo a los diferentes eventos sin importar su incidencia en la toma de decisiones en el gobierno de estos. 26 Cada una de estas formas de participación se correlacionan, sin decir que en todos los casos se logra una mayor efectividad, se necesita de un intenso trabajo en los grupos de una participación débil para lograr una participación fuerte; en otros casos una muy elevada participación débil no logra una participación fuerte, porque los miembros que ejercen el poder se lo impiden; en muchos casos el sentido de la participación débil cuando es alta genera al menos una participación representativa, verbi gracia la participación en los sindicatos. Se puede concluir que cuando en una colectividad se presenta una escasa participación elevada y pocas afiliaciones o presencia de sus integrantes en las diferentes actividades programadas es señal de marginalidad política y económica. Y cuando se presenta una escasísima participación fuerte con una alta participación de los miembros de una colectividad son rasgos característicos de masificación, como ocurre con los partidos políticos que son dirigidos desde arriba, toman una forma de participación débil, porque las bases no tiene posibilidad alguna de incidir en las decisiones. El incremento gradual de ambas formas de participación, es considerado como indicio de modernización cuyas característica son la cogestión participación estado y comunidades y la autogestión organización, gestión, soluciones por parte de las comunidades. En términos más reconocidos para nuestro medio se está hablando de participación activa y participación pasiva, se rescata en esta investigación, la participación activa, que es la que posibilita el trabajo en grupo o en comunidad, permite dar a conocer razonablemente, los problemas que urgen a los actores y entre todos con una actitud democrática solicitar o en otros casos exigir soluciones mediante la toma de decisiones.","1",""
"T2-0034","10032910.txt","Sin embargo, el uso de recursos audiovisuales en el aula tiene mucho potencial para trabajar el desarrollo de la alfabetización audiovisual. Por ello, se ha realizado una revisión teórica sobre aspectos relevantes de la misma con respecto a la infancia y se ha diseñado una propuesta de trabajo para el aula de 5 años de la etapa de Educación Infantil tomando como referencia para su diseño un aula real de un centro escolar conocido. Por tanto, este trabajo académico, contribuye al soporte teórico ya existente sobre alfabetización audiovisual y puede constituir un referente y modelo para la creación e implementación de nuevas propuestas. En la primera parte, la revisión teórica desarrolla un marco que aborda tanto el concepto de alfabetización audiovisual, como el tratamiento directo o indirecto del mismo en la legislación estatal. A su vez, expone las características y ventajas de las metodologías activas para el desarrollo de ésta, incidiendo más profundamente en la metodología Thinking Based Learning y aborda la importancia y el nivel de competencia mediática que según la literatura, presentan las familias. En la segunda parte, se ofrece el diseño metodológico de una propuesta práctica para favorecer la alfabetización audiovisual en el aula. El cuerpo de la propuesta, presenta 3 partes de trabajo estructurado con sus correspondientes actividades, procesos, recursos y roles de los participantes aportando también los medios de evaluación correspondientes. 7 3. Marco Teórico 3. 1 Alfabetización audiovisual, contextualización y definición del concepto. Dado que el propósito de este trabajo académico es la elaboración de un plan de intervención para trabajar la competencia audiovisual en el aula de educación infantil, resulta imprescindible, delimitar y definir qué es la alfabetización audiovisual o media literacy y cuál es su contexto teórico actual.","0",""
"T2-0035","10062804.txt","Para Fernández-López, Hernández-Mejía, Siegrist Siegrist, et al. , 2000, la calidad de vida relacionada con la salud debe comprender cuál es la percepción Educación sanitaria en pacientes con nefrostomía: impacto económico y calidad de vida Luis Manuel Fernández Cacho. Doctorado en Medicina y Ciencias de la Salud. Página 73 del impacto que la persona tiene de aquello que ha provocado la enfermedad o su tratamiento sobre su sentimiento de bienestar y la capacidad de actuación. Es un concepto subjetivo, individual, que está muy influido por el entorno en el que vive como la sociedad, la cultura o las escalas de valores. La CVRS es un concepto que une las expectativas, los deseos y necesidades en la vida del paciente. Por tanto, poder cuantificar con exactitud la calidad de vida es una herramienta útil para poder medir la satisfacción de las personas y su bienestar físico, mental y social. Además, supone un elemento fundamental para valorar la evolución de cualquier intervención sanitaria. Educación sanitaria en pacientes con nefrostomía: impacto económico y calidad de vida Página 74 3. 4. Calidad de vida relacionada con la salud en pacientes con estomas. Vivir con cualquier tipo de ostomía supone un acontecimiento lo suficientemente importante como para desembocar en una percepción más negativa de la calidad de vida del paciente portador del estoma. Existen diferentes estudios que valoran la calidad de vida en pacientes portadores de estoma. Los resultados indican que presentan una percepción de la propia imagen corporal mucho peor que los pacientes sin estoma teniendo esto relación significativa con la calidad de vida Carlsson, Berndtsson, Hallen, Lindholm, Persson, 2010; Guyatt, Feeny, Patrick, 1993 determinando la distorsión de la imagen corporal que supone el llevar de forma temporal o permanente una abertura al exterior de alguna parte corporal.","1",""
"T2-0036","100104073.txt","Si bien es cierto, que la caída de la hegemonía conservadora se dio en el marco de una aguda crisis socioeconómica, la división en el conservatismo y en el clero, ahondó de manera significativa en el desconcierto electoral. Antes de entrar propiamente a los acontecimientos que se dieron entre 1929 y 1930, es indispensable mencionar que para las elecciones de 1926, también se había dado una participación directa del primado Bernardo Herrera Restrepo, a quien sucedería Ismael Perdomo. Según lo trabajado por José Restrepo Posada, con base en las memorias del General Vásquez Cobo, se había resuelto por parte del primado, que el presidente para 1926 sería Miguel Abadía Méndez, al que En un informe presentado por monseñor Perdomo, entonces Arzobispo Coadjutor de Herrera Restrepo, a la Santa Sede expresa: En esto intervine yo personalmente como Coadjutor que era entonces del Ilmo. Señor Herrera Restrepo y por comisión expresa de él. Se dijo entonces en el seno de la misma reunión verificada, que primero seria presidente el Con Abadía en la Presidencia de la República, y cuando se aproximaban las elecciones presidenciales, temiendo a una posible dictadura militar ejercida por Vásquez, decidió acudir a una treta política. Esta consistía, según Restrepo, en influir directamente en las elecciones para representantes al congreso, de modo que las listas quedaran conformadas por personas ajenas a la causa vasquista. Por ende, la mayoría conservadora lanzaría otro candidato, decisión que tendría que Sin embargo, la mayoría conservadora de la representación nacional se presentó dividida. Frente a la fragmentación al interior del partido se le pidió al Arzobispo de Bogotá, monseñor Ismael Perdomo, dar su consejo acerca del candidato que debía ser elegido: Iglesia y política en la primera mitad del siglo XX Un acercamiento desde la diócesis de Cali Antonio J. Echeverry Pérez Javier Armando Trujillo Ospina 1 Articulo de investigación tipo 2, según clasificación de COLCIENCIAS.","0",""
"T2-0037","10139729.txt","Curiosamente, un problema sobre bisectores apareció en la sección Problemas ySoluciones de La Gaceta 69, con motivo del centenario de la RSME. El problemaENEM 3, propuesto por la redacción, consideraba, en un triángulo cualquiera, eltriángulo bisector asociado, formado por los pies de las tres bisectrices internas. Yplanteaba probar que, en cualquier punto del perímetro de este triángulo bisector,se verifica que alguna de las tres distancias del punto a los lados del triángulo iniciales igual a la suma de las otras dos. No pudimos resistir la tentación de probar nuestras técnicas de razonamientoautomático en este problema y así, en 50, publicamos la solución a una versiónLa Gaceta ? Secciones 353generalizada del mismo, en el que considerábamos el enunciado simultáneamentesobre los diversos triángulos bisectores que se pueden construir teniendo en cuentalas bisectrices internas y externas en cada vértice. Es destacable comprobar cómo eseartículo reconoce que la interacción geometría dinámica GDI, GeoGebra cálculosimbólico Maple que se llevó a cabo para abordar el problema fue realizada de modono automático, por los autores del mismo. Y, por eso, hace continuas referencias ala necesidad y aparente facilidad de automatizar, dado el planteamiento generalde GeoGebra15 combinando CAS y SGD en un mismo programa estas tareas, loque va a constituir uno de los logros del equipo en la siguiente década 20102020. Ha de enfatizarse la importancia, puesta de manifiesto a lo largo de todo esteperiodo de experimentación, de que la interacción CASSGD se lleve a cabo en unmismo programa y que este tenga diversas aplicaciones, una amplia difusión y man-tenimiento.","1",""
"T2-0038","10022965.txt","Sin embargo, los intensos procesos de modernización y cambio social que se han producido han supuesto la pérdida progresiva de la actividad agraria y, complementariamente, el surgimiento de nue-vas formas de entender la vida rural, esto es, de nuevas ruralidades que ya no son herederas de una inveterada tradición sino un producto de la modernidad tardía, en la cual el individuo ha roto los lazos con la comunidad y con la historia. La hipótesis de la que se parte en este trabajo es que estos conocimientos y prácticas se produ-cían en un contexto social que alimentaba su conservación, el cual en el presente se halla por lo general periclitado, incluso en sociedades mediterráneas que, como la española, fueron refractarias a los procesos de modernización cultural durante la primera mitad del siglo XX, con la consiguiente ruptura de la transmisión intergene-racional y con los riesgos que le son inherentes, entre los cuales no es menor el de la apropiación de tales conocimientos y prácticas por agentes externos. Los trabajos realizados en nuestro país en los últimos años acerca de los co-nocimientos y usos relacionados con las plantas prueban el interés de los mismos, aunque también la preocupación por la alarmante pérdida que los afecta. En este sentido, las ciencias sociales no han sido remisas a estudiar los principios que ri-gen en las diferentes culturas, a propósito de la selección y aprovechamiento de las plantas, como se evidencia en el caso de la antropología social. Algunas corrientes antropológicas, como las postestructuralistas, y de modo relevante la llamada etno-ciencia o etnosemántica, han adoptado paradigmas cognitivos, mediante los cuales han tratado de mostrar cómo los seres humanos perciben la naturaleza, en general, valiéndose de reglas finitas que se hallan inscritas en las culturas de los seres huma-nos.","0",""
"T2-0039","100092759.txt","1 Andalucía: V. Gallardo; Aragón: B. Adiego; Asturias: I. Huertas; Baleares: A. Magistris, A. Galmés; Canarias: A. García; Cantabria: L. J. Viloria; Castilla-La Mancha: G. Gutiérrez, B. Puente; Castilla y León: M. J. Rodríguez; Cataluña: N. Torner CIBERESP; C. Valenciana: I. Huertas Zarco; Extremadura: J. M. Ramos, M. Álvarez; Galicia: A. Malvar; Madrid: L. García; Murcia: R. García; Navarra: A. Barricarte, J. C. Catalán; País Vasco: J. M. Arteagoitia; La Rioja: M. E. Lezaun, A. Blanco; Ceuta: A. Rivas; Melilla: D. Castrillejos. 2 M. Mosquera; . J. E. Echevarría, F. De Ory, Centro Nacional de Microbiología. Instituto de Salud Carlos III. 2 R. Fernández. Laboratorio de Virología. Hospital Ramón y Cajal. Madrid. Plan Nacional de Eliminación del Sarampión. España 2007 . . . . . . . . . . . . . . . . . . . . . . . . . . . . . 37 Estado de las Enfermedades de Declaración Obligatoria . . . . . . . . . . . . . . . . . . . . . . . . . . . . . . . . . 45 a sarampión colegios, universidades, empresas, personal sanitario. 3. Ofrecer la vacuna de la rubéola a susceptibles: mujeres en edad fértil, niños, adolescentes. 4. Implementar una vigilancia de calidad basada en el caso, investigar de forma rigurosa cada caso sospechoso con confirmación de laboratorio. 5. Mejorar la difusión de información a los profesionales sanitarios y al público en general. La región europea de la OMS realizó en el año 2003 las estimaciones de los niveles inmunidad necesarios para eliminar el sarampión y concluyó que no debe haber más de un 5 de susceptibles entre la población mayor de 9 años, en ningún país de la región europea5.","1",""
"T2-0040","100255773.txt","El análisis de contenido realizado a través de la sistematización de palabras clave y su posterior adscripción a un esquema conceptual creado en el proyecto de investigación VOREMETUR, pretende dar respuesta a la segunda pregunta de investigación e intentar alimentar un debate para dar respuesta a planteamientos, que necesitan ser despejados para un avance sólido en la investigación de este tópico. En primer lugar, este análisis muestra que el planteamiento de la Metaliteracy en la literatura se realiza de manera prioritaria 18 artículos como área de conocimiento y especialidad. En su delimitación y estudio de características entitativas, no obstante, siguen primando los estudios donde se aborda en cooperación y simbiosis con otras multialfabetizaciones, lo que en modo alguno implica una incoherencia: la Metaliteracy se erige como uno de los mejores ejemplos de alfabetización compuesta o combinada. Así, es frecuente que la metaliteracy se trate con la Alfabetización en Información, la New Media Literacy o la Visual Literacy, por ejemplo. Tras el cotejo de la producción científica con las categorías y subcategorías de la artículos se adscriben a la titulada como 1. 2 Marco Conceptual: nociones, conceptos, definiciones, clasificaciones, cooperación con multialfabetizaciones. Así, destacan la obra de Jacobson y Mackey 2013 sobre la reformulación de la Alfabetización Informacional adoptando las competencias que demanda la Metaliteracy o las miradas conceptuales quien defiende la concepción multimodal de la Alfabetización Informacional y su reformulación en un solo marco conceptual unido por la Metaliteracy. La presencia mayoritaria de esta categoría más conceptual muestra que en las publicaciones contempladas hay necesidad de definir los planteamientos de la Metaliteracy.","1",""
"T2-0041","100253696.txt","Aunque lxs hijxs sabemos cuando alguien lo hace más allá del bien y con su propia sal. Sus clases las hace escribiendo desde su propio centro, anillo espiralado del tiempo que narra el cielo y le pregunta al niño como animar al vecino que teme a contagiarse antes de ser excepcional. Esta cartografía ImPorta, atenta a respuestas y curiosidades, vuelve a narrar el cielo y hace una fiesta con la mutación del virus ignorado. Con el cambio de mi piel y el desahogo de mi energía disparada dónde está la educación sino no está en la vida? El detalle más complejo del niñx jugando con otras mentes dentro de la mía: allí está el gran descubrimiento de esta problemática más que educativa. Por hacer del narrar, política con cuerpo de intimidad, la ficcionalidad de esta carta acaba con profunda alegría, orgullo y compromiso inefable del cotidiano escindir que compartimos acá. Después de todo no podría omitir que hasta en la investigación científica de la realidad, reconocemos el lugar de los afectos como sesgo de arrogancia ignorante que permanece un sentido extenso para mutar. Este entorno aquí con-memorado activa la imaginación y a veces cuando el mundo me da miedo, siento el refugio de hacer del recoveco una imperfección. Mi ojo está mirando la confusión, con el entusiasmo de solo sentir que estamos entonces y allí, en este espacio. Un cariñoso y poco romántico saludo, Francisco Carta 2 : Desafíos hospitalarios En un mes de agosto, de hace veinte años, iniciaba un nuevo desafío en mi carrera profesional y en mi vida, formar parte del equipo de cátedra de una asignatura relativamente nueva en su denominación y contenidos: Conmemoraciones utópicas y epístolas íntimas para Problemática Educativa Jonathan Aguirre, Silvia Branda, Gabriela Cadaveira, Gladys Cañueto, Claudia De Laurentis María Galluzzi, Florencia Genzano, Melina Laquidain, Luis Porta, Laura Proasi Francisco Ramallo, Magalí Villareal Revista de Educación pp.","1",""
"T2-0042","10022877.txt","UNIVERSIDAD DE CANTABRIA FACULTAD DE CIENCIAS ECONÓMICAS Y EMPRESARIALES El papel de Enactus en el fomento del emprendimiento social: en el caso de Reino Unido y España The role of Enactus fostering social entrepreneurship: the case of United Kingdom and Spain Trabajo fin de grado. Curso 2018 2019 Autora: Andrea Martos Río Tutora: Ana Fernández Laviada Santander, febrero 2019 El papel de Enactus en el fomento del emprendimiento social: en el caso de Reino Unido y España P á g i n a 2 31 ÍNDICE Resumen ................................................................................................ Página 4 1. Las empresas sociales.......................................................................... Página 5 1. 1. Definición ...................................................................................... Página 5 1. 2. Forma jurídica ............................................................................... Página 5 1. 3. En los países europeos ................................................................ Página 6 1. 3. 1. España .................................................................................... Página 6 1. 3. 2. Reino Unido ............................................................................ Página 8 1. 3. 3. Conclusión .............................................................................. Página 9 2. Enactus .................................................................................................. Página 10 2. 1. Definición, visión y misión .......................................................... Página 10 2. 2. Enactus y los Objetivos de Desarrollo Sostenible ..................... Página 10 2. 3. Competiciones Enactus .............................................................. Página 11 2. 4. Enactus y las mejores universidades del mundo....................... Página 12 2. 4. 1. Ranking QS .......................................................................... Página 12 2. 4. 2. Ranking de Shanghái ........................................................... Página 14 2. 4. 3. Conclusión de los rankings .................................................. Página 16 2. 5. Ubicación de equipos Enactus ................................................... Página 17 2. 6. Enactus en Reino Unido ............................................................. Página 18 2. 6. 1. Enactus para las escuelas ................................................... Página 19 2. 6. 2. Enactus para las universidades ........................................... Página 19 2.","0",""
"T2-0043","10171539.txt","Palabras clave: adolescencia, paternidad, modalidades parentales 1. Este artículo presenta resultados de la investigación la experiencia de la paternidad y su relación con la masculinidad y la configuración de la identidad en adolescentes del municipio del Carmen de Viboral Antioquia, fue realizada por el Grupo de Investigación de Psicología Dinámica de la Universidad de Antioquia en el marco de la convocatoria de proyectos de investigación CODI en las regiones Seccional Oriente, Acta 638. Ejecutada en Enero de 2013 a Mayo de 2014 2. Psicólogo, Universidad de Antioquia; Especialista en psicología clínica y Magister en Psicología, Universidad del Norte; Candidato a Doctor en Ciencias Sociales, Universidad de Antioquia; Docente del programa de psicología y miembro del grupo de investigación en psicología Dinámica, Universidad de Antioquia, Colombia, leonboterobgmail.com 3. Psicólogo, Universidad de Antioquia, Colombia, juan.patinoggmail.com Revista Virtual de Ciencias Sociales y Humanas PSICOESPACIOS ISSN 2145-2776 Vol. 9- N 15 diciembre 2015 http:revistas.iue.edu.coindex.phpPsicoespacios 167 Citación del artículo: Botero Botero, L., Patiño Gonzales, J. 2015. Modelos parentales en un grupo de adolescentes padres. Revista Psicoespacios, Vol. 9, N. 15, pp. 166-187, Disponible en http:revistas.iue.edu.coindex.phpPsicoespacios Recibido 22. 10. 2015 Arbitrado 15. 11. 2015 Aprobado 12. 12. Introducción El embarazo adolescente constituye un problema de salud pública de carácter mundial, que presenta su mayor expresión en países en vía de desarrollo. En la encuesta nacional de demografía y salud Ojeda, 2011 realizada por el ministerio de protección social de la república de Colombia, se encontró que una de cada cinco mujeres adolescentes ha estado embarazada, lo que sugiere una relación de 84 mujeres adolescentes embarazadas por cada 1000 existentes, esto constituye un problema de carácter global y de alto impacto social, económico y psicológico.","0",""
"T2-0044","100253846.txt","MAGALLÁNICA, Revista de Historia Moderna: 6 12 Dossier Enero - Junio de 2020, ISSN 2422-779X Rosa María Alabrús Iglesias Universitat Abat Oliba CEU, Barcelona En este Dossier se analiza la compleja tipología del concepto de la santidad femenina porque fueron, ciertamente, muy diversos los criterios por los cuales se postulaban determinadas mujeres para la beatificación y canonización. Se estudian diversos modelos referenciales de santidad: la martirial que implicaba una vida difícil con el final dramático del martirio los casos de misiones en Asia o con la proximidad al mismo caso de Luisa de Carvajal; la interiorizada a través del recogimiento y las visiones caso de Hipólita de Rocabertí y Martina de los Ángeles Arilla; la que premia la proyección pública asistencial caso de las Terciarias Dominicas del Río de la Plata en el siglo XVIII y, por último, la que significa el testimonio del sacrificio y la renuncia de privilegios elitistas caso de Petrona Isabel de Cálcena y Echeverría de Córdoba del Tucumán, también del siglo XVIII. PALABRAS CLAVE: santidad; mujeres; época moderna; España e Hispanoamérica. Rosa María Alabrús Iglesias es profesora titular y directora de la Cátedra Rey Martín el Humano en la Universitat Abat Oliba CEU de Barcelona. Su investigación se ha deslizado del análisis del pensamiento y la opinión Felip V i lopinió dels catalans, 2001 al estudio de las Órdenes religiosas Tradición y modernidad, 2011; La memoria escrita de los dominicos, 2012; La vida cotidiana y la sociabilidad de los dominicos, 2013 y al discurso eclesiástico sobre la mujer y la espiritualidad femenina Teresa de Jesús.","0",""
"T2-0045","100253923.txt","A partir de la vedette Irma Serrano, la actriz de telenovela Andrea del Boca, el divo Juan Gabriel y la cantante de comedias musicales Valeria Lynch, entre otros, retrataron una realidad inmersa en un proceso de massmediatización en acto. Carlos Monsiváis y María Moreno compartieron, además del interés temático, el espacio de publicación ya que aquellas crónicas aparecieron en 1 Referimos a las colaboraciones de mediados de los años setenta y principios de los ochenta de Carlos Monsiváis para las revista él y Su otro yo, donde escribió, entre otros, sobre Juan Gabriel, La tigresa Irma Serrano, Cantinflas y Elvira Ríos; y las crónicas de María Moreno para el semanario Siete días entre cuyos protagonistas se destacan Moria Casán, Claudia Sánchez, Andrea del Boca, Valeria Lynch y Paco Jamandreu. Carlos Monsiváis y María Moreno, cronistas latinoamericanos ante la cultura de masas. Posicionamientos culturales y autofiguraciones. Revista CeLeHis, N 39, Segundo Semestre 2020, p. 118-134. Facultad de Humanidades, Universidad Nacional de Mar del Plata - ISSN 2313-9463. revistas de actualidad. La elección de este espacio de circulación no especializado y de gran alcance visibiliza la apertura que tuvieron ante las novedades que ofrecían las sociedades de consumo. Las revistas de actualidad constituyen productos comerciales sin filiaciones institucionales, donde se realiza un trabajo periodístico basado en la primicia y dirigido a un público masivo. En este sentido, constituyen espacios marginales dentro del campo artístico. La diferencia entre participar en suplementos culturales o literarios, munidos de legitimación institucional, y colaborar en semanarios sin prestigio artístico no resulta menor.","0",""
"T2-0046","100103905.txt","En 7, los autores presentan un sistema de búsqueda móvil que dividen en dos partes lógicas: el motor de búsqueda local y un meta crawling. En concreto, el motor de búsqueda web local proporciona al usuario la 143Proceso de Categorización de Consultas Basado en Visibilidad en un Dispositivo Móvilcapacidad de adaptar los resultados de la búsqueda a sus propias necesidades, mediante la actualización del índice de búsqueda a partir del análisis conjunto de la información generada localmente por cada usuario y el cambio de contenido. En la misma línea, en 5 se presenta un enfoque de búsqueda personalizada. Esta personalización se propone del lado del cliente y se basa en el mapeo de los intereses a una taxonomía y en la categorización de los resultados, lo que permite desplegar los resultados de acuerdo a los intereses del usuario. Estos intereses son obtenidos a partir de información local que describa los intereses profesionales y habilidades del usuario. Por otra parte, los autores describen en 4 un enfoque para predecir el contexto del usuario aplicado a entornos asistidos, para lo cual analizan la información que describe la ejecución de un conjunto de tareas por parte de cada usuario. Por otro lado, en 1 se describe el framework SPE Secure Persona Exchange, que proporciona servicios personalizados a los usuarios en entornos de computación ubicua en base a las preferencias de cada usuario. La información analizada en este enfoque corresponde a las preferencias del usuario que son almacenadas en su dispositivo móvil, y son proporcionadas de manera explícita por el usuario.","1",""
"T2-0047","10141770.txt","La cooperación bilateral es realizada directamente entre las Administraciones públicas de los países donantes y receptores. Por otro lado, la cooperación multilateral es llevada a cabo entre las Administraciones de los países donantes y los organismos internacionales definidos previamente por el Comité de Ayuda al Desarrollo CAD, que es el órgano oficial que realiza la evaluación y seguimiento de las políticas de la OCDE. Por poner un ejemplo aclaratorio, la contribución del país donante se unirá a la de otros y será desembolsada según criterios internacionales no quedando así bajo el control de los gobiernos donantes 39. Por último, la cooperación multibilateral consiste en la ayuda desde las Administraciones hacia los organismos definidos por el CAD como por ejemplo programas concretos de la ONU, no a la ONU en sí misma. En ocasiones la multibilateralidad es considerada una parte de la Cooperación bilateral 53. Dicho esto, centrándonos en la CID y dejando de lado la AH, encontramos que según el informe del año 2018 de la ONG Medicusmundi La salud en la cooperación al desarrollo y la acción humanitaria 47 de toda la AOD proporcionada ese año, la cooperación en salud supuso el 2, 47 de la AOD total en España. De ese porcentaje, el 66, 7 de la financiación fue a través de ayuda bilateral, principalmente a través de los Ministerios de Asuntos Exteriores, las Comunidades Autónomas y las Entidades Locales; el 28, 25 a través de ayuda multilateral y el 4, 64, de mulltibilateral. Esta ayuda se encuentra dividida en 4 subsectores según el enfoque y a las directrices marcadas por la OMS y son: salud general 35, 68, salud básica 46, 46, salud reproductiva 17 y un elemento añadido recientemente que son las enfermedades no transmisibles 0, 45 ver anexo 5.","1",""
"T2-0048","10164129.txt","- Identificar las ventajas e inconvenientes de la explotación del material cinematográfico en el aula según la bibliografía. - Analizar la filmografía de Pedro Almodóvar como reflejo de la cultura y sociedad española. - Justificar la importancia del desarrollo de las competencias socioculturales en el aula de ELE. Para conseguir las metas previstas en la primera parte de este trabajo se desarrolla el marco teórico; en particular, este apartado se dedica al papel del componente sociocultural en el 5 proceso de aprendizaje-enseñanza y en el desarrollo de la competencia comunicativa. Además, se estudian y se sintetizan las investigaciones teóricas sobre el uso de los recursos cinematográficos en el aula de ELE. En la segunda parte del marco teórico, se analizan las obras de Pedro Almodóvar, cómo se representa la cultura y sociedad española en sus películas. En la tercera parte, se realiza el análisis cuantitativo y cualitativo de la presencia del cine en los manuales de ELE para entender cómo se explota este recurso y qué competencias se desarrollan con su ayuda. Para ello, en primer lugar, se presenta la metodología de análisis diseñada y, a continuación, los resultados obtenidos y su interpretación. En la cuarta parte se elabora una propuesta didáctica basada en las películas de Pedro Almodóvar teniendo en cuenta las carencias detectadas en el análisis previo de los manuales. La propuesta cosiste en tres secuencias basadas en las siguientes obras del director: Volver, Hable con ella y La flor de mi secreto. Las secuencias estarán enfocadas en el desarrollo de las competencias comunicativas y, sobre todo, socioculturales.","1",""
"T2-0049","10090581.txt","Para la variable frecuencia de uso M 2. 65 la media es cercana aunque inferior a 3, que representa el nivel Media: uno o dos días a la semana, mientras que para la variable cultura de videojuegos M 2. 62 también es cercana e inferior a 3, que representa el nivel Media: Creo que tengo algún conocimiento y ocasionalmente participo en sus manifestaciones. En ambas variables parece existir una diferencia entre hombres y mujeres; en frecuencia de uso M 3. 07 frente a M 2. 15 y en cultura de videojuegos M 2. 95 frente a M 2. 22. Para entender cuáles son los géneros preferidos por los estudiantes presentamos en la figura 2 estos resultados ordenando los porcentajes de menor a mayor. Archivos Analíticos de Políticas Educativas Vol. 28 No. 66 12 Figura 2. Géneros preferidos de los estudiantes ordenados en porcentajes e indicando en cada caso el peso de la valoración de hombres y mujeres. Comprobamos que los géneros preferidos por los estudiantes son los juegos de rol 15. 1 y la estrategia 14. 9, mientras que los juegos de lucha aparecen en último lugar 1. Volvemos a observar diferencias notorias entre hombres y mujeres. Mientras que para los primeros los géneros favoritos son los juegos de rol 9. 84, la estrategia 9. 17 y los juegos de deportes y carreras 8. 49, las mujeres se decantan, en mayor medida, por los juegos casuales 8. 53. Por último, presentamos en la figura 3 las plataformas favoritas de los estudiantes, ordenadas de menor a mayor en función del porcentaje obtenido.","1",""
"T2-0050","100253723.txt","Autor de la Tesina de Grado La cualitativas en diálogo con una vasta serie de fundamentos teóricos. El primer capítulo de la obra, titulado Los caminos de la gripe y su llegada a la Argentina: una fotografía de época, hace foco en un escenario y contexto muy preciso como lo es el de la Argentina decimonónica, imbricada entre un pujante desarrollo económico y una creciente agitación política, con la emergencia del radicalismo en los resortes del estado a partir de 1916. Dicho enfoque resulta propicio para comprender la importancia de las condiciones estructurales, socioeconómicas y políticas en materia de salud pública al momento del ingreso del flagelo en nuestro país en sus dos oleadas: la primera, desde octubre hasta noviembre de 1918; y la segunda, entre abril y agosto de 1919. reforma del sistema de salud argentino en los años 90. Contacto: ubicijuanpablogmail.com Juan Pablo Ubici En tal sentido, Carbonetti y Rivero destacan una serie de cuestiones fundamentales. Por un lado, la importancia de comprender la heterogeneidad del impacto de la mortalidad de la gripe a partir de datos de Anales del Departamento Nacional de Higiene, producto de la fuerte disparidad regional del país en términos socioculturales y de infraestructura sanitaria, sumamente fragmentada. Justamente, en ese punto los autores establecen una relación directa entre la escasa incidencia de la gripe española en la ciudad más habitada, Buenos Aires, y el olvido de esta pandemia en términos médicos y académicos. El siguiente capítulo, titulado La gripe en perspectiva médica, se centra en los numerosos debates y tensiones existentes en la ciencia médica local en torno a la epidemiología, fisiopatología, etiología y tratamiento de la gripe española, incluso junto con otras afecciones de carácter mental, mientras ésta se encontraba en pleno apogeo e incluso luego de su desaparición de la geografía nacional.","0",""
"T2-0051","10008511.txt","Method: An anonymous questionnaire was used to assess the activity performed during eachof the sessions of the year 2015. This questionnaire was completed at the end of each session,allowing the assessment of individual teachers. Results: The staff of the SUAP in Cantabria included 123 physicians and 123 nursing profes-sionals. A total of 178 professionals attended the sessions 72 of the workforce. A total of143 professionals 80 of the total attendees, 81 female and 19 male, were included in thesurvey. Just over half 58 of the attendees were family physicians and 42 were nurses. Themajor results of the program were as follows: the interest of the course for their professionalactivity 96, they would recommend the course to their colleagues 94, and the satisfactionof having completed the course 94. Conclusions: The introduction of training activities in the SUAP has been perceived as veryfavourable by the professionals surveyed 2017 Elsevier Espan a, S. L. U. This is an open access article under the CC BY-NC-ND licenserglISsuctptddccfletfoaaCdsafaftlfalmLlltdpulr2sMynalsscEfimdSphttp:creativecommons.ontroduccióne entiende como formación continuada de los profesionalesanitarios cualquier actividad dirigida a ellos, que se realicena vez han obtenido la titulación correspondiente o la espe-ialidad, sin que esta actividad de formación continuadaenga como finalidad la obtención de una nueva titulaciónrofesional1. Las actividades de formación médica continuada consti-uyen la fórmula más idónea para actualizar la competenciae los profesionales, adaptando sus conocimientos y activi-ad profesional a las nuevas tecnologías, al estar estas enontinua evolución. Además de esto, la formación médicaontinuada debe ser contemplada como una herramientaundamental e imprescindible para garantizar la calidad deos servicios sanitarios2.","0",""
"T2-0052","10024022.txt","Dirigida a los niños y niñas desde los tres años hasta los seis años de edad, la finalidad de dicha etapa consiste en ayudar al desarrollo de los sujetos de manera física, afectiva, social y emocional. En el ámbito del desarrollo motor, la Educación Infantil se propone facilitar y afianzar los logros que posibilita la maduración referente al control del cuerpo, presentándose en este caso, la utilidad de la psicomotricidad. Bien es cierto que la psicomotricidad no ha sido considerada siempre de la misma manera y que en nuestra sociedad, aún no está reconocida oficialmente, pero si tiene un peso importante en la educación y desarrollo de los niños. Por ello, en este trabajo se habla sobre la psicomotricdad. Por otra parte, se ha considerado oportuno realizar un estudio sobre el concepto de la inteligencia y, de forma más sustancial, un recorrido por las inteligencias múltiples de Gardner, contemplando de igual modo, sus perspectivas de futuro y su relación con el currículo de Educación Infantil. La teoría de Gardner 1983 sobre las inteligencias múltiples supone un hito importante en el mundo educativo ya que la misma incide en la necesidad de crear una escuela que construya una educación centrada en el individuo, descubriendo en cada uno de los alumnos sus intereses y necesidades, sus puntos fuertes y débiles, además de desarrollar estrategias de aprendizaje que se adapten a cada uno de ellos. Cabe destacar, que durante el desarrollo de este trabajo se abordarán los pero que dicha teoría posee de una manera más desarrollada.","0",""
"T2-0053","10156076.txt","Trabajo fin de Grado: Legislación del turismo rural en la España autonómica 16 4 Objetivos perseguidos La finalidad de este Trabajo de Fin de Grado es el estudiar las distintas normas legales que regulan el turismo rural en España y realizar una comparativa entre las distintas legislaciones territoriales con el fin del identificar problemas que surgen para el usuario de este servicio. Aunque los textos legislativos deben estar todos ellos acogidos a un derecho común y satisfacer la misma necesidad, la realidad es que muestran diferencias importantes tanto en su contenido específico como en las fecha de incorporación a la norma, lo que a todas luces es generador de confusión para el turista interesado en aprovechar la completa oferta en este ámbito del turismo rural en el que la comparación de las garantías y las prestaciones frente a un servicio turístico contratado se presenta como mínimo complicado. El análisis y clasificación individual de la legislación turística rural desarrollado en cada una de las 17 comunidades autónomas nos va a permitir comparar los detalles de las mismas y destacar tanto sus similitudes como sus diferencias, así como sus fortalezas y sus debilidades, con lo que poder en última instancia aportar en lo posible propuestas de mejora. Trabajo fin de Grado: Legislación del turismo rural en la España autonómica 17 5 Metodología El presente trabajo de fin de grado, se centra monográficamente en el Estudio y comparación de las distintas normas que regulan el turismo rural en nuestro país, destacando sus similitudes y sus diferencias, sus fortalezas y sus debilidades, así como la aportación de propuestas de mejora.","1",""
"T2-0054","10159816.txt","En Hermann et al. 2016, se identifican seis principios de diseño que las empresas deben tener en cuenta a la hora de implementar soluciones para la I4. 0: interoperabilidad, virtualización, descentralización, capacidad en tiempo real, orientación al servicio y modularidad. Estos principios proceden de los siguientes componentes de la I4. 0: sistemas ciberfísicos, Internet de las cosas, Internet de los servicios y Smart Factory. Esta lista es ampliada en Ghobakhloo 2016 añadiendo otros principios no tan vinculados a una solución implementable sino a aspectos generales y muy relevantes a tener en cuenta como son la integración horizontal y vertical, Dintén, R. et al. Revista Iberoamericana de Automática e Informática Industrial 18 2021 300-311 301la personalización del producto o la responsabilidad social corporativa. En Belman-López et al. 2020, realizan un análisis del significado y las implicaciones de la I4. 0 y exponen de forma detallada 17 principios de diseño fundamentales obtenidos a través de un estudio de mapeo sistemático: eficiencia, integración, flexibilidad, descentralización, personalización, virtualización, seguridad, solución holística, orientada a servicios, ubicua, colaborativa, modular, robusta, que utiliza información en tiempo real, sirve para la toma de decisiones optimizadas por los datos, equilibra la vida laboral, es autónoma e inteligente. Estos principios son adoptados por nuestra propuesta arquitectónica. A continuación, se describen de forma más particularizada y bajo una óptica de solución implementable las premisas sobre las que se sustenta: - Diversidad de la información: El entorno industrial eshabitualmente extenso y diverso, por lo que la plataformacomputacional debe tener capacidad para gestionargrandes volúmenes de datos, de diversa naturaleza, quese generan a gran velocidad y que además, puedencambiar dinámicamente en el tiempo.- Tiempo real y persistencia: Los requisitos deaccesibilidad a la información generada en el entorno esmuy dispar.","1",""
"T2-0055","100253616.txt","Romano, María Laura. La biblioteca portátil de fray Castañeda. Estudios de Teoría Literaria. Revista digital: artes, letras y humanidades, noviembre de 2020, vol. 9, n 20, pp. 343-348. Esta obra se encuentra bajo una Licencia Creative Commons Atribución-NoComercial-CompartirIgual 4. 0 Internacional. 1 Doctora en Letras por la Universidad de Buenos Aires. En su tesis, titulada Monstruos de la razón. Periódicos no ilustrados en la región platina 1820-1830, indagó las relaciones culturales y literarias entre el Río de la Plata y Rio Grande do Sul a partir de una serie de periódicos satíricos y gauchescos. Es docente de Teoría y Análisis Literario Lenguas Vivas Juan Ramón Fernández y de Introducción a los Estudios de la Literatura Universidad Nacional de General Sarmiento. Publicó diversos artículos sobre los temas que investiga en revistas especializadas y participó en múltiples encuentros académicos. Contacto: goriotlrhotmail.com María Laura Romano 344 Estudios de Teoría Literaria, 9 20, La biblioteca portátil de fray Castañeda: n los primeros años de la década de 1820, los incendiarios papeles del padre Francisco de Paula Castañeda causaron revuelo y malestar entre los sectores ilustrados cercanos al por entonces ministro Bernardino Rivadavia. Su antilusminismo y su agria crítica a las sucesivas administraciones porteñas expusieron al cura a una serie de castigos entre los que se cuentan dos condenas a destierro, la segunda de las cuales significó su partida definitiva de Buenos Aires. El primer destierro tuvo lugar en 1821. En esa ocasión, se le prohibió escribir para el público a la sazón era redactor de siete periódicos y se lo expulsó a un paraje desolado de la pampa bonaerense, Kaquel Huincul, en donde debía permanecer por cuatro años.","0",""
"T2-0056","100252612.txt","El primer bloque temático se compone de los primeros cinco capítulos: La expulsión de los mercaderes del templo, Tierra prometida, alas negras, Todo el que no piense como nosotros, Un nuevo cielo y una nueva tierra y Destruiré Madrid. En el primer capítulo se plantean algunas reflexiones sobre el concepto de elitismo en los centros universitarios estadounidenses, los focos de conflictividad social durante la administración Roosevelt y el estado de ánimo nacional y la evolución de las mentalidades durante toda la Gran Depresión. En el segundo capítulo se presentan los anhelos de la juventud estadounidense del periodo de entreguerras, el impulso del activismo progresista, el equilibrio de alianzas ideológicas y, de forma idealista, la vocación permanente por cambiar las cosas en aquellos años. El tercer capítulo estudia el impacto psicológico del golpe de Estado del 18 de julio en la sociedad estadounidense y los cauces periodísticos por los que fluyó la información relativa a la España de 1936. En estas páginas se toca la polémica cuestión del bloqueo comercial al gobierno democrático de la II República por parte de les tres grandes clásicas, crítica literaria, estudios históricos y biografías. símbolos de Occidente: Francia, Gran Bretaña y los Estados Unidos. En el cuarto capítulo se habla de las primeras experiencias de los brigadistas estadounidenses en suelo español y su proceso de adaptación al contexto políticomilitar del conflicto. Las tensiones internas entre las facciones políticas del bando republicano quedan muy bien reflejadas en estas páginas. El quinto capítulo se centra en el rápido avance de los ejércitos rebeldes sobre Madrid, las alianzas ideológicas con los fascismos europeos y la naturaleza doctrinal del nuevo Estado dictatorial surgido en las regiones españolas donde triunfó la rebelión militar.","0",""
"T2-0057","10055263.txt","Después de asentarse, se observan las capas y se comparan con los estándares de referencia de color ASTM, 2018. Punto de inflamación Significado El punto de inflamación mide la tendencia de la muestra a formar una mezcla inflamable con aire en unas condiciones controladas en el laboratorio. Se usa el punto de inflamación en el transporte de mercancías por mar y en las regulaciones sobre seguridad para definir a los productos inflamables y combustibles. El punto de inflamación nos indica la presencia de productos altamente volátiles e inflamables. Sumario del método Se coloca la muestra en el envase del equipo de medición y se calienta de una forma controlada. A intervalos regulares, por ejemplo cada grado, se introduce una llama al envase y se prende la superficie del líquido, se obtendrá el punto de inflamación en cuanto ardan los vapores ASTM, 2019. PROCESO DE TRANSFERENCIA DE LA CUSTODIA DE LA CARGA DE SUSTANCIAS NOCIVAS LÍQUIDAS A GRANEL 47 Gravedad específica densidad Ver IV. 2. 3. Contenido en agua Significado Los productos químicos son usados en una gran variedad de procesos químicos que pueden verse afectados por el agua. La mayoría de los transportes se realizan por barco, por lo que los productos químicos transportados pueden estar contaminados por el agua. El método de análisis provee un procedimiento de análisis para evaluar el cumplimiento de una especificación. Sumario del método Los métodos de prueba están basados en la reacción de Karl Fischer para la determinación de agua. La reducción de yodo por dióxido de azúfre en presencia de agua para formar trióxido de azufre y ácido yodhídrico.","1",""
"T2-0058","10049604.txt","La estimación se ha hecho en caudales, dado los aforos de los cuales se disponía. En este método se introducen los valores de tres parámetros relacionados con el caudal que proviene de los dos acuíferos considerados: el caudal inicial, un parámetro que aporta información al modelo sobre el tiempo de respuesta del acuífero el cual es un depósito en el cual entra y sale agua, y atenúa el caudal y lo retrasa, como parte del proceso de tránsito de caudales y el último parámetro está relacionado con la atenuación de caudales ya mencionada. 3. 2. 2 Modelo meteorológico La precipitación es el dato de entrada principal al proceso hidrológico analizado. Tras el proceso de análisis e interpolación de la información climatológica se dispone de información pluviométrica diaria para cada una de las subcuencas, en el escenario actual y para cada una de las proyecciones de cambio climático. En HMS se ha asociado a cada subcuenca un pluviómetro, para cada uno de los cuales se han introducido los valores de precipitación del periodo de tiempo y escenario determinado a simular. Se han introducido los datos diarios de precipitación y los valores de evapotranspiración mensual para el período de referencia y para las proyecciones de cambio climático. Estos últimos han sido calculados a partir de los datos de temperatura a través del método de Thornthwaite; el cual está basado en la determinación de la evapotranspiración en función de la temperatura media, con una corrección en función de la duración astronómica del día y del número de días que tiene cada mes.","1",""
"T2-0059","100252109.txt","70 m. En la figura N 25 se muestra capturas del estudio de mecánica de suelos. Figura N 25: Estudio de mecánica de suelos de la institución educativa 17 de setiembre. Fuente: Estudio de mecánica de suelos del expediente técnico Los parámetros sísmicos según el EMS son indicados en la figura N 26, sin embargo, lo descrito en este estudio presenta incompatibilidades con la norma indicada en el mismo, ya que en la norma E. 030-2016 indica que el distrito de El Tambo pertenece a zona 3 para lo cual le correspondería un factor de Z0. 35 y debido a que el parámetro S es dependiente del parámetro Z y a la vez los parámetros de periodo dependen del parámetro S, los valores indicados difieren de lo contemplado en la norma, de la misma manera el suelo por tener una capacidad portante de 2. 4 kgcm2 y según lo indicado en la tabla N 8 el suelo pertenece al perfil de suelo tipo S2. Figura N 26 Parámetros sísmicos según el estudio de mecánica de suelos de la institución educativa 17 de setiembre. Fuente: Estudio de mecánica de suelos El presente estudio analiza el módulo 1 del bloque A: Módulo I: Aulas, depósito, laboratorio, centro de recursos tecnológicos. En la figura N 27 se muestra el plano arquitectónico del segundo nivel. Figura N 27: Planta de arquitectura del segundo nivel Fuente: Expediente técnico institución educativa 17 de setiembre En la figura N 28 se muestra fotos tomadas a los elementos que componen la estructura donde se observa las medidas de las columnas y vigas tienen las dimensiones indicadas en los planos.","1",""
"T2-0060","100253774.txt","Pelícano Revista de la Facultad de Filosofía y Humanidades de la Universidad Católica de Córdoba Pierre Antoine Fabre: La cuestión mística en la posteridad de Michel de Certeau Alfonso Mendiola: El conflicto moderno entre la voz y la escritura Andrés Gabriel Freijomil: El nuevo mundo como página en blanco. Elementos para una historia de las representaciones de América Latina en la obra de Michel de Certeau Christian Jouhaud: Regreso a Loudun Diego Fonti: Sobre cuerpos desaparecidos y memorias encarnadas Karina Clissa: Obras orientadas a la predicación. Estudio comparativo de bibliotecas institucionales en Córdoba del Tucumán en el siglo XVIII Susana María Gómez: Khra: el espacio propiciatorio de una investigación no causalista en literatura Alejandro Luis Pucheta: Conocimiento y racionalidad en el pensamiento de Emmanuel Levinas Adriana Vulponi: Sobre la conformación de un género y de un clásico: avatares en la edición de literatura infantil y juvenil argentina Franco Olmos Rebellato: Entre el instinto y la razón: comentarios sobre la ética y estéticas de un saqueo Bibiana Eguía: Dios en lo innombrable. Presencia del discurso religioso en novelas argentinas contestatarias. Entrevista a la investigadora Ursula Arning Jordi Gastón Prina: Sobre Los sentidos del sujeto, de Judith Butler Directora Silvia Anderlini Universidad Católica de Córdoba - Universidad Nacional de Córdoba, Argentina. Editor Octavio Pedoni Universidad Nacional de Jujuy, CONICET - Universidad Católica de Córdoba, Argentina. Traductor Diego Fonti CONICET, Universidad Católica de Córdoba, Argentina. Jonathan Ventura Universidad Católica de Córdoba, Argentina. Correctora Marcela Bricca Colegio Nacional de Monserrat, Argentina. Comité editorial Cecilia Padvalskis Universidad Católica de Córdoba, Argentina.","0",""
"T2-0061","100103033.txt","En efecto, una de las características principales que señalan la aparición del Estado en un momento histórico-social específico es la verificación de la existencia de autoridades y de un cuerpo de funcionarios diferenciado e independiente de la población; esto es, cuando la anterior sociedad gentilicia ya no puede administrarse a sí misma mediante las reuniones de la gens, la fratría o la tribu, sino que van apareciendo personas especializadas y específicamente destinadas a cumplir trabajos para el conjunto de la comunidad de manera permanente Engels, 2002, Uricoechea, 2001; De 1 Coulanges, 2000 . A pesar que existen algunos documentos sobre la administración de personal en Oriente, los primeros ejemplos detallados sobre sistemas de administración de funcionarios del Estado lo encontraremos en los dos pueblos que heredaron la civilización Minoica, es decir, Grecia y Roma Toynbee, 1994. De Grecia sabemos que la administración pública estaba supeditada a la organización política politeia particular de cada polis; de esta manera, en la demokratia ateniense se configuró un doble sistema de provisión de los cargos que usualmente era anual: a Por sorteo y b Por elección a mano alzada Cohen, 1985. En el caso de Roma, la situación de los empleos a cargo del Estado es más compleja debido a su larga historia y a su evolución política, pero baste decir que durante la República operó un sistema de elección de los cargos a partir de dos tipos de asambleas populares: 1 Comitia centuriata, dominado por los acaudalados elegía los dos cónsules anual, los dos pretores anual y los dos censores cinco años; 2 Concilia Plebis, o asambleas de la plebe elegían cargos anuales tales como los ediles y los tribunos de la plebe.","0",""
"T2-0062","10050205.txt","La historia de la medicina siempre me ha parecido un tema muy atractivo por su carácter interdisciplinar, durante mi formación secundaria estudié biología, física y química a la par que historia y eso hizo que me decantara por un tema que incluye un componente científico, si bien se complementa además con otras materias como la filosofía, sobre todo la aristotélica; y el derecho, sobre todo, con las legislaciones que atañen a la misma. La opción por la cultura judía es fruto de mi interés por la coexistencia de distintas religiones en el Medievo hispano que, además, conlleva una doble dimensión supersticiosa y mágica de la que la medicina no escapa y que va de la mano con la sociedad y la particular convivencia de las distintas civilizaciones en las Coronas de Castilla y Aragón, así como la necesaria interacción cultural para el desarrollo del conocimiento científico y sus prácticas. La estructura del trabajo comprende un apartado inicial donde se expone brevemente el estado de la cuestión sobre la medicina judía medieval en las dos Coronas de la Península Ibérica para comprender su difícil situación. La primera parte está dedicada a las bases teóricas del conocimiento médico y muestra las distintas fuentes de la materia médica disponibles en el período, así como sus principales autoridades para posteriormente explicar cómo dichas fuentes se transmitieron de generación en generación. Como contrapunto a la dimensión teórica del primer apartado, el segundo se centra en la cuestión práctica de la medicina, tratando de responder a cuestiones como quién la ejercía?, cómo la ejercía?, cómo se regulaba legalmente?; prestando un especial interés a la figura del boticario, tan importante y necesaria en la época y sin embargo en ocasiones olvidada y por supuesto a los judíos conversos, cuyo contexto hace difícil su seguimiento sobre todo al pasar más de una generación tras su cambio de religión.","0",""
"T2-0063","10031782.txt","La zona de proceso es exactamente la misma con independencia de que se empleen probetas circulares de 8 mm de diámetro, tal como recomienda el Código 3, o cuadradas de 10x10 mm, ya que la superficie adicional que aportan estas últimas muestras permanece empotrada, sin influenciar en los resultados. En el caso de probetas para la determinación de la tenacidad a fractura, como es el caso de este trabajo, se introduce un defecto inicial en la probeta, empleándose probetas con entallas pasantes centradas, probetas con fisura longitudinal no pasante, probetas con entalla lateral pasante o probetas con entalla circular no pasante, entre otros, como se aprecia en la Figura 2. 2. Para este caso el empleo de probetas cuadradas con fisuras de tipo lateral o longitudinal añade ventajas, ya que permite analizar una dirección concreta del material. Figura 2. 2. Probetas Small Punch modificadas: a Probeta con entalla pasante centrada 7; b Probeta con fisura longitudinal no pasante 8, 9; c Probeta con entalla lateral pasante 1, 10; d Probeta con entalla circular no pasante 11. 10 2. 2. 2. Procedimiento de Ensayo Una vez obtenidas las probetas de los elementos estructurales a analizar, en el caso de obtención de tenacidad a fractura o propiedades a tracción, el ensayo comienza colocándolas sobre el dispositivo experimental o utillaje. Para ello, se sitúa la probeta sobre la matriz inferior, la cual deberá tener un pequeño rebaje con las dimensiones de la probeta para facilitar su colocación. Posteriormente se coloca la matriz superior, asegurándose que la probeta se encuentra empotrada en los extremos.","1",""
"T2-0064","10023425.txt","Revista de Hispanismo Filosóficon.o 20 2015: 183-187Manuel Garrido Jiménez 1925-2015. In memoriam! UNED-CantabriaEl jueves 8 de enero fallecía en Madrid a los 89 años de edad el influyente cate-drático de Lógica y filosofía de la ciencia en las Universidades de Valencia 1962-1979, Autónoma de Madrid 1979-1983 y Complutense de Madrid 1983-1990, Manuel Garrido Jiménez. La revista Teorema que dirige su discípulo Luis María Valdés Villanueva, difundió ese mismo día la triste noticia en Internet. Manuel Garrido fue el miembro del grupo de profesores de posguerra que más decididamente influyó en la configuración del área de Lógica y Filosofía de la Cien-cia, institucionalizada por la LRU en 1984, y que más impulsó y contribuyó a la recepción de las fuentes analíticas de la misma, tanto de sus disciplinas caracterís-ticas, v. gr. la lógica, la filosofía de la ciencia y la filosofía del lenguaje, como de autores representativos de las mismas, como Strawson, Quine, Davidson, etc. Este destacado papel en la última institucionalización de la filosofía en España, comenzó en los años sesenta tras ganar la oposición a la cátedra de Lógica de la Universidad de Valencia en 1962, tuvo su momento más determinante en los años setenta a través de dicha cátedra, de Teorema, y de su actividad editorial, y se extendió a los años ochenta en las universidades Autónoma y Complutense de Madrid, donde se jubiló en 1990. En los años setenta, en efecto, internacionalizó y dotó de una orientación cien-tífica y analítica a su cátedra, a la que tituló, además, de Lógica y Filosofía de la ciencia.","0",""
"T2-0065","100253846.txt","Rosa María Alabrús Iglesias es profesora titular y directora de la Cátedra Rey Martín el Humano en la Universitat Abat Oliba CEU de Barcelona. Su investigación se ha deslizado del análisis del pensamiento y la opinión Felip V i lopinió dels catalans, 2001 al estudio de las Órdenes religiosas Tradición y modernidad, 2011; La memoria escrita de los dominicos, 2012; La vida cotidiana y la sociabilidad de los dominicos, 2013 y al discurso eclesiástico sobre la mujer y la espiritualidad femenina Teresa de Jesús. La construcción de la santidad femenina, 2015; Razones y emociones femeninas. Hipólita de Rocabertí y las monjas catalanas del Barroco, 2019; Juliana Morell. De niña prodigio a maestra de las emociones, 2020. Correo electrónico: ralabrusiuao.es MAGALLÁNICA, Revista de Historia Moderna ISSN 2422-779X 612, 2020: 1-5 http:fh.mdp.edu.arrevistasindex.phpmagallanica Este dossier Modelos de santidad femenina en el mundo hispánico en la época moderna tiene como objeto, el análisis de la compleja tipología del concepto de santidad femenina. Es obvio que la santidad como tal era un atributo concedido por la Santa Sede, tras un largo proceso administrativo-judicial que podría culminar en el triunfo final de la legitimación pontificia y el ingreso de la persona postulada en el Parnaso de los Santos. Pero más allá de la elevación a los altares fueron muchas las personas que, a lo largo de su vida, exhibieron méritos que les concedían ya una cierta aura de santidad, que culminaría, finalmente, en el reconocimiento oficial, ciertamente, minoritario respecto al volumen global de las propuestas. Modelos de santidad, ejercida en vida, hubo muchos.","0",""
"T2-0066","10051527.txt","La aparición de la encefalopatía hepática en este tipo de IHA es tardía y se asocia a una baja supervivencia en ausencia de trasplante 2. El mejor conocimiento fisiopatológico de este síndrome, así como los avances en los cuidados intensivos de estos pacientes y la posibilidad de incluirlos en alarma cero de trasplante hepático, han supuesto una mejora significativa en la supervivencia de estos pacientes. De hecho, al compararlo con la era pretrasplante en que la supervivencia estimada era menor del 15, la espontánea actual se estima en aproximadamente un 40 y alcanza con el trasplante hepático hasta el 80 al año del mismo 3. 5 El diagnóstico temprano de la causa de la IHA es uno de los objetivos principales en el manejo de esta entidad, ya que el conocimiento etiológico no solo aporta información pronóstica, sino que su reconocimiento precoz permite instaurar tratamientos específicos de forma precoz en aquellas causas que dispongan del mismo p. ej. penicilina G y silimarina en la intoxicación por Amanita phalloides o N-acetil cisteína en la intoxicación por paracetamol2. Las causas de IHA varían enormemente según el área geográfica en la que nos encontremos. Así por ejemplo, la hepatitis E es una causa frecuente de IHA en mujeres embarazadas en la India, mientras que la sobredosis o intoxicación de paracetamol con intento suicida constituye una de las causas más frecuentes de IHA en EEUU y en el Reino Unido, mientras que en España es extremadamente infrecuente 4. Así, en el último estudio nacional español publicado al respecto, y en el que nuestro hospital participó, las causas más frecuentes de IHA durante el periodo 1992-2000 fueron las hepatitis virales 37, la mayoría por el VHB, y etiología indeterminada 32 6.","1",""
"T2-0067","10027271.txt","Pensemosen la más elemental aplicación física: a partir de datos obtenidos observando lacaída de objetos en el vacío obtenemos una tabla de medidas, como podría ser latabla 1. Aunque esta tabla contiene toda la información que hemos recopilado, lacomprensión del proceso físico subyacente se produce solo cuando nos damos cuentade que esas medidas corresponden aproximadamente a la fórmulaEspacio recorrido 4. 9 Tiempo transcurrido2. 1346 La Columna de Matemática ComputacionalTiempo transcurrido segundos 0 0. 2 0. 4 0. 6 0. 8 1Distancia recorrida metros 0 0. 196 0. 784 1. 764 3. 136 4. 9Tabla 1: Espacio recorrido por un cuerpo en caída libre en el vacío, en función deltiempo. Figura 1: Datos de la tabla 1 señalados con una x y representación gráfica dela función 1. Esta observación nos permite deducir que se trata, al menos aproximadamente,de un movimiento uniformemente acelerado, y es a partir de ella que podemos obte-ner información útil tal como el valor de la aceleración debida a la gravedad, que enefecto sería del doble de la constante de proporcionalidad, esto es, 9. 8ms2. Matemá-ticamente, hemos partido de una función que, en principio, podría ser complicadaaquella que, en función del tiempo transcurrido, nos da la distancia recorrida,hemos tomado algunos valores de ella los especificados en la tabla 1 y hemos en-contrado una función más sencilla que se ajusta a los valores de la tabla, obteniendoasí información útil y condensada del proceso. En la figura 1 podemos ver que, enefecto, la función cumple con todos los valores de la tabla.","0",""
"T2-0068","100362357.txt","2 6 1 - 2 8 2 R a s i n e R a v e l o - M é n d e z , H é c t o r G o n z a l o O r d ó ñ e z - M a t a m o r o s y K e i l a L o b o - A n a y a Palabras clave: buen gobierno; discrecionalidad; toma de decisiones; regalías. INTRODUCCIÓN La entrada en operación del actual nuevo Sistema General de Regalías sgr1 se ha constituido en uno de los primeros centros de debates en la esfera pública del país, toda vez 1 Le decimos nuevo toda vez que la reforma instaurada a partir del año 2012 cambió totalmente la estructura y el funcionamiento del sistema que hasta la fecha regía en el Estado colombiano. que existen problemas estructurales en materia de distribución de recursos, operatividad y equidad del sistema, e incluso, disyuntivas en torno a la centralización o descentralización deseable para el manejo de dichos recursos. Uno de los casos críticos en Colombia se sitúa en el Fondo de Ciencia, Tecnología e Innovación FCTeI, sobre el que entidades como la Contraloría General de la República ha señalado la poca transparencia y la desviación de recursos financieros, lo que contraría el objeto del Fondo de incrementar la capacidad científica, tecnológica, de innovación y de competitividad de las regiones en Colombia Ordóñez-Matamoros y Centeno, 2019. El presente trabajo analiza el sgr, específicamente el FCTeI, como un estudio de caso tomando el departamento del Magdalena en Colombia para el periodo 2012-2015.","0",""
"T2-0069","10022965.txt","Programa Estatal de Excelencia ID 2016-2018. Scripta Nova, vol. XXII, no 590, 20182El presente trabajo tiene por objetivo analizar los problemas que recaen sobre los conocimientos ambientales de carácter tradicional relativos a las plantas, que se ha-llan en posesión de las poblaciones rurales, integrando un vasto patrimonio inma-terial que ha contribuido de manera muy notable al desarrollo sostenible del medio rural, en el sentido con que fue formulado este concepto en 1987 por el Informe Brundtland, y en el mismo con el que cristalizó en la Conferencia de las Naciones Unidas sobre Medio Ambiente y Desarrollo, celebrada en Río de Janeiro en 1992, en su triple dimensión ambiental, social y económica. Se trata, en este caso, de conoci-mientos y de prácticas sedimentados en el transcurso del tiempo, y transmitidos a través de una larga secuencia de generaciones, referidos a plantas silvestres curati-vas, aromáticas, condimentarias, combustibles, ornamentales y de otros tipos que se hallan indefectiblemente unidos a la vida rural. Sin embargo, los intensos procesos de modernización y cambio social que se han producido han supuesto la pérdida progresiva de la actividad agraria y, complementariamente, el surgimiento de nue-vas formas de entender la vida rural, esto es, de nuevas ruralidades que ya no son herederas de una inveterada tradición sino un producto de la modernidad tardía, en la cual el individuo ha roto los lazos con la comunidad y con la historia. La hipótesis de la que se parte en este trabajo es que estos conocimientos y prácticas se produ-cían en un contexto social que alimentaba su conservación, el cual en el presente se halla por lo general periclitado, incluso en sociedades mediterráneas que, como la española, fueron refractarias a los procesos de modernización cultural durante la primera mitad del siglo XX, con la consiguiente ruptura de la transmisión intergene-racional y con los riesgos que le son inherentes, entre los cuales no es menor el de la apropiación de tales conocimientos y prácticas por agentes externos.","0",""
"T2-0070","100253809.txt","275, Argentina, análisis Introducción La información es un recurso para la administración, un insumo para el contenida en los documentos de archivo, constituye la prueba de las actuaciones de los funcionarios, así como la memoria institucional Fenoglio, 2019, p. 17. El acceso a la información se ha convertido, en las últimas décadas, en la fuerza motora que une a un sinnúmero de organizaciones y movimientos civiles en todo el mundo. Sus g o ra La o l. , n ú m , n o vi em b re rg en ti n a, , p p reclamos se relacionan, muchas veces, con inquietudes anticorrupción y otras, con la intención de mejorar la gobernabilidad Pope, 2002. Desde otro punto de vista, la función esencial del Archivo fue y es servir la información que contiene y, por lo tanto, sólo el acceso público justifica y legitima la conservación y la custodia de los documentos, más allá de su valor como patrimonio cultural. Su correcto tratamiento es fundamental para facilitar el acceso y, consecuentemente, para mejorar la gestión y facilitar su utilización como antecedente, como prueba o como fuente para investigaciones de cualquier índole. Dicho de otro modo, el derecho de acceso a los documentos sitúa al usuario en el centro de las preocupaciones y de las actividades del archivero y hace que los archivos sean entendidos y utilizados como fuentes de información para cualquier tipo de investigación. Es un derecho de vital importancia porque procura la transparencia en el accionar del aparato estatal, contribuye a que disminuya la corrupción e implica un mayor control del proceder de los funcionarios públicos.","0",""
"T2-0071","100254140.txt","342. Completo ANUARIO XI.pmd 101 08022019, 18: 25 No obstante, aún siendo el concubinato un hecho y no un derecho, es un hecho del que pueden derivar derechos. De la situación o estado de concubinato pueden inferirse intereses jurídicos dignos de tutela, deberes, obligaciones y cargas, sea de los concubinos entre sí, sea de estos respecto de terceros. Un problema particular lo plantea la temática del derecho de daños. Es debatido en doctrina y jurisprudencia si una persona se encuentra legitim ada a reclam ar un resarcim iento por daños ocasionados con m otivo de la muerte del concubino. Este problem a se encuentra agravado en m ateria de daño moral, por existir en nuestro derecho vigente una regla de legitim ación res tringida y taxativa. Exam inarem os las tendencias actuales en la materia. 2. Daños patrimoniales En materia de daños patrimoniales, no se plantean demasiadas dis cusiones en la actualidad2. En la m ateria, al no exigirse relación con la víctim a com o presu puesto de la acción ni existir pautas limitativas de la legitimación, bas ta la comprobación de los presupuestos generales de la responsabilidad para que el concubino tenga acceso a una vía resarcitoria. Así la ciencia juríd ica nacional se m uestra m ayoritaria al acordar legitim ación a la concubinao para el reclamo de los daños y perjuicios materiales acaecidos por la muerte de su compañeroa, estando esa le gitimación reglada dentro de los términos del art. 1079 y conc. del Códi go Civil3.","0",""
"T2-0072","10171541.txt","08001221300020090051801, 2009. Por otro lado, es pertinente advertir que la firma del acta de conciliación cuando se presenta un acuerdo, tan comúnmente entendida como requisito, es un entendimiento que no emana de ninguna exigencia legal para la audiencia de conciliación extrajudicial en derecho de que trata la ley 640, pero que por lo controvertido, se expondrá como un problema a resolver cuando se trata de una audiencia por medios técnicos en lo personal considero que la fe que otorga un conciliador sería suficiente con su validación5. Algunos de los que han sostenido la necesidad de la firma como requerimiento , se fijan en la firma como el requisito de validez y existencia del acta Lezcano Miranda, 2011, p. 198, esta posición también se acerca a la de quienes han sostenido que no cumpliría con el requisito de la ejecutividad que el acta carezca de las firmas de los deudores preceptuado en los art. 488 del CPC y 422 del CGP, pese a lo anterior, estos puntos en mi concepto se ven superados por la norma especial contenida en el art. 66 de la Ley 446 de 1998, de acuerdo con la cual el acuerdo conciliatorio hace tránsito a cosa juzgada y el acta de conciliación presta mérito ejecutivoPensando en términos de efecto útil de la legislación, no tendría sentido darle equivalencia de mérito ejecutivo, si de todos modos se le exigieran los requisitos del art. 488 del CPC ya vigentes cuanto entró a regir el artículo antes citado. Sea lo que fuere, debido a que no es una interpretación mayoritaria, en este sentido, lo que habría que garantizar para la realización de audiencias por el medio técnico con telepresencia, sería más bien que se cumplan los requisitos del acta de conciliación y de la señal de consentimiento que blinden un acta de cualquier controversia sobre la existencia del acuerdo o la validez del mismo.","1",""
"T2-0073","100358962.txt","o 53 ISSN: 0123-4870 Introducción Los procesos de comunicación exitosos en una segunda lengua o en una lengua extranjera suponen el entendimiento de las variedades lingüísticas con sus respectivos códigos y variedades culturales. Esto se explica desde la perspectiva de Liddicoat 2008, quien considera que comunicarse en otra lengua es comunicarse interculturalmente. Es entonces labor del maestro de lenguas proporcionar herramientas para observar, entender, analizar y valorar las diferencias culturales que se encuentran relacionadas con la lengua que se aprende y, por ende, desarrollar una Competencia Intercultural que le permita identificarse con la figura del hablante intercultural: Un individuo enfrentado a situaciones de choque cultural en las cuales tiene que comprender las relaciones entre culturas, las demandas de experimentar otra forma de vida, en donde es mediador entre formas distintas de vivir e interpretar el mundo Byram, 1995, p. 56. Una idea similar es planteada en los lineamientos para la Política de la Educación Superior Inclusiva del Ministerio de Educación Nacional 2013, formulados en concomitancia con las directrices del mcer, según los cuales el sistema educativo debe promover la valoración y reconocimiento de la diversidad y la promoción del respeto a la diferencia. Lo anterior busca que los ciudadanos aprendan a vivir con los demás y que participen de la comunidad al interior de una estructura intercultural en los procesos educativos pp. 17-18. Desde esta perspectiva, el Proyecto Educativo del Programa pep de la Licenciatura en Lenguas Extranjeras de la Escuela de Ciencias del Lenguaje 2014 determina en su misión que uno de los ejes de la formación de un profesional de lenguas es: El estudio del lenguaje como fenómeno sociocultural p. 11.","0",""
"T2-0074","100253923.txt","Revista CeLeHis, N 39, Segundo Semestre 2020, p. 118-134. Facultad de Humanidades, Universidad Nacional de Mar del Plata - ISSN 2313-9463. CELEHIS Revista del Centro de Letras Hispanoamericanas. Año 29 Nro. 39 Mar del Plata, ARGENTINA, 2020. Carlos Monsiváis y María Moreno, cronistas latinoamericanos ante la cultura de masas. Posicionamientos culturales y autofiguraciones. Julieta Viú Adagio Carlos Monsiváis y María Moreno compartieron una actitud y una mirada innovadora hacia los fenómenos masivos que impactó a nivel de sus escrituras en la incorporación del archivo de la cultura de masas. Atentos a los gustos musicales, artísticos y televisivos de las mayorías, a mediados de los años setenta y principios de los ochenta, ambos colaboran en revistas de circulación masiva poniendo de manifiesto afinidades temáticas, formaciones autodidactas y filiaciones periodísticas. En este artículo, indagamos sus atípicas identidades literarias construidas a la luz de ininterrumpidas carreras periodísticas que se definieron en complicidad con el mundo del consumo y las variadas ofertas de la industria cultural, en un notable coqueteo con aspectos banales de la cultura, en franca familiaridad con un mundo de representaciones plebeyas. Buscamos iluminar los excéntricos posicionamientos culturales de estos escritores y sus novedosos lugares de enunciación popular, que los vuelve referentes insoslayables de la crónica latinoamericana contemporánea. Crónica; cultura de masas; Carlos Monsiváis; María Moreno; literatura latinoamericana Carlos Monsiváis and María Moreno, Latin American chroniclers facing mass culture. Cultural positions and autofigurations. En el momento de efervescencia de la cultura de masas, Carlos Monsiváis Ciudad de México, 1938-2010 y María Moreno Buenos Aires 1947 inauguraron un tipo particular de crónica que incorporó el archivo de la industria cultural a la tradición del género.","0",""
"T2-0075","100252869.txt","Palabras clave: Soledades; doctorandos; pedagogía loneliness. Doctoral education takes place between moments of productive solitude and the social construction of knowledge; in other words, work goes through strictly individual processes, and others necessarily collective. In this regard, the pedagogical organization of doctorates should expressly include them in their educational activities. It is desirable to facilitate instances of productive solitude and to reduce experiences of painful solitude, so that doctoral candidates can face the academic demands inherent in the programs, as well as the family and work responsibilities which are characteristic of young and adult postgraduate students. Particularly in order to make educational experiences more satisfactory. Keywords: Sol i tudes; doctora l students; pedagogy Introducción Este artículo presenta los hallazgos re lac ionados con las so ledades experimentadas por los entrevistados, en tanto aparece como un aspecto recurrente en los procesos doctorales estudiados, y, por ende, necesitan ser consideradas desde una centralidad pedagógica. Se vincula con la tesis doctoral que indagó la persistencia y el desgaste doctoral en cuatro programas doctorales de universidades nacionales, dos de ciencias de la educación y dos de ciencias experimentales2. Si bien la bibliografía teórica analizada no incluye a la soledad sentida por los doctorandos, sí lo hacen los estudios empíricos consultados, aunque más no sea para informar sobre su presencia frecuente. Al respecto, Sannuti se pregunta: Quién de nosotros en algún momento de su vida no ha experimentado, con mayor o menor intensidad, uno de los infinitos matices de la soledad? Existen mil y una soledades 2001: 139.","1",""
"T2-0076","10023975.txt","1 GRADO EN EDUCACIÓN PRIMARIA PROPUESTA DE UN PLAN DE INTERCULTURALIDAD EN EL CEIP CANTABRIA INTERCULTURAL PLAN PROPOSAL FOR CEIP CANTABRIA Autora: Celia Muñoz Abascal Directora: Isadora Belle Norman 20172018 2 3 Índice 1. RESUMEN: .......................................................................................................... 17 4. 2 Encuesta al profesorado sobre interculturalidad ..................................... 17 4. 3 PLAN DE ACOGIDA. CEIP CANTABRIA ................................................ 21 4. 3. 1 Introducción ............................................................................................. 21 4. 3. 2 Medidas Ordinarias: ...................................................................... 22 4. 3. 3 Atención a las familias: ................................................................. 24 4. 3. 4 Valoración Inicial: .......................................................................... 26 4. 3. 5 Adscripción al grupo clase ............................................................ 28 4. 3. 6 Acogida al alumno en el aula ........................................................ 30 4. 3. 7 Te puede ser de utilidad ............................................................... 32 4. 3. 8 Actividades para trabajar la interculturalidad ................................ 33 5. CONCLUSIONES ................................................................................................. 35 6. BIBLIOGRAFÍA.................................................................................................. 37 ANEXOS ................................................................................................................ 39 4 1. RESUMEN: Es un hecho que la oleada de culturas en España ha supuesto un cambio en la sociedad. Para hacer frente a la situación, debemos de remontarnos a las raíces y hacer uso de la herramienta más poderosa de todas, la educación. Este trabajo está enfocado en una revisión teórica sobre los conceptos más importantes que giran en torno al concepto interculturalidad tanto fuera y como dentro de la escuela. Además, se elabora una propuesta de un Plan de Interculturalidad para el CEIP Cantabria en Puente San Miguel, el cual tiene como base la participación de todos los agentes involucrados en el centro y un objetivo muy claro, la construcción de una escuela y una sociedad más inclusiva.","1",""
"T2-0077","100254491.txt","O, en fin, hasta aludiendo a la vida particular de alguien: Cómo andan tus cosas!. La enumeración podría seguir, pero como muestra parece suficiente lo que se acaba de exponer. Obviamente, todas esas cosas , no son cosas en el sentido jurídico. Aunque a veces los juristas se han dejado llevar y han empleado el término en sentido lato. Leamos a Ulpiano : En la denominación de cosa se comprenden así las causas como los de rechos. El mismo jurisconsulto se reitera en la amplitud de la compren sión del vocablo, cuando dice 2: La denominación de cosa es más lata que la de pecunia, la cual comprende también lo que se halla fuera de la computación de nuestro patrimonio, en tanto que pecu nia se refiere a lo que hay dentro de nuestro patrimonio. Aunque este fragmento se contradice con otro del mismo jurisconsulto 3: La palabra pecunia comprende no solamente el dinero contante sino todo valor, esto es todas las cosas, porque no hay nadie que dude que las cosas se comprenden también con la denominación de pecunia. Hemos internalizado en el lenguaje cotidiano esta extensión casi omni comprensiva, al punto que podríamos decir redundante pero gráficamente que llamamos cosa, a cualquier cosa. Aunque pretendamos hablar en sentido jurídico, y escribir sobre derecho. De esta manera, hasta la traducción del Corpus Iuris hecha por Ildefonso García del Corral incurre en el mismo empleo inadecua do del término, cuando transcribe el fragmento de Gayo contenido en D. 60. 16.","0",""
"T2-0078","100103714.txt","La mentalidad colectiva como factor retardatario de la democratización en Bolivia Resumen En los últimos 15 años se han llevado a cabo en Bolivia importantes reformas del orden institucional-político y socio-económico. Las reformas han alcanzado la Constitución Política del Estado y se han creado nuevos organismos, códigos y procedimientos. Sin embargo, muchas cosas han permanecido como antes, precisamente en la política cotidiana, el funcionamiento efectivo de la administración pública y el grado de corrupción. Por ello parece necesario un análisis de carácter histórico-cultural para comprender e interpretar la cultura política practicada cotidianamente y los valores de orientación que han permanecido incólumes a través de largos períodos históricos. Palabras clave: Bolivia, mentalidad, reformas políticas, cultura política, corrupción. Artículo: Recibido, diciembre 20 de 2004; aprobado marzo 7 de 2005. H. C. Felipe Mansilla: Magister en Ciencias Políticas, Universidad Libre de Berlín; Doctor en filosofía, Universidad Libre de Berlín. Correo electronico: hcf.mansillayahoo.com H. C. Felipe Mansilla En numerosas naciones de América Latina se advierte un dilatado malestar en el ámbito socio-político, que se manifiesta, por ejemplo, en un marcado desencanto con los resultados cotidianos de los procesos de modernización y un escepticismo creciente con respecto a los modelos democrático-liberales. En muchos países se han realizado reformas constitucionales, legales e institucionales de gran envergadura1, que no han impedido y ni siquiera mitigado antiguas usanzas burocráticas, prácticas corruptas aberrantes y políticas públicas erráticas. Este es claramente el caso boliviano donde, además, la reorganización del Poder Judicial -la creación de nuevos órganos, códigos y procedimientos- no ha podido alterar las rutinas de venalidad, lentitud e ineficacia que caracterizan los estrados judiciales desde la era colonial española.","1",""
"T2-0079","10054347.txt","La sociedad es consciente de las amenazas que ella misma produce, dando lugar al concepto de sociedad del riesgo. Parece que la incertidumbre acompañada frecuentemente por nefastas consecuencias ha tomado el control de la vida de las familias más desfavorecidas. Sin embargo, a pesar de que el concepto de sociedad del riesgo ha siempre estado presente a lo largo de la historia de la humanidad, se trata de poner el foco en el contexto de una sociedad avanzada y moderna. Para ello, es necesario analizar y matizar el alcance de sus efectos. El deterioro de los servicios prestados por el Estado en términos de salud y educación afecta fundamentalmente a los segmentos más pobres, que no pueden recurrir a servicios privados y acceden en consecuencia, a salud y educación en situación más precaria. Los datos avalados por FOESSA 2014, p. 319 ponen de relieve la disminución de la contribución pública para la protección social en tiempo de crisis. Gráfico 12 Tasa de crecimiento de gasto en protección social en España Fuente: elaboración propia en base a datos de Eurostat en FOESSA 2014 VII Informe sobre exclusión y desarrollo social en España. -40-2000204060802003 - 2007 2007 - 2011SaludDiscapacidadVejezSupervivenciaFamiliaDesempleoViviendaExclusión socialMARCO TEÓRICO: EXLUSIÓN SOCIAL 29 1. 7. INDICADORES PARA LA MEDICIÓN DE LA VULNERABILIDAD La vulnerabilidad económica suele estar tradicionalmente asociada al mercado financiero, midiendo el riesgo a la hora de conceder un crédito, riesgo de mercado y de liquidez, entre otros. Por tanto, las mediciones del riesgo de una economía son habitualmente simplificadas mediante el concepto de riesgo soberano, representado por la probabilidad de default4 de la deuda pública a través de un índice de bonos representativos.","0",""
"T2-0080","10171645.txt","Asztalos y Col. 2010 con sujetos entre los 25 y 64 años reportaron una asociación positiva entre actividad física y salud mental, siendo mayor en los hombres. Toker y Biron 2012 encontraron una fuerte relación entre la depresión e un grupo de empleados y la inactividad física. Donadio y Col. 2012 hallaron que las respuestas musculares a la excitación predicen la respuesta al estrés mental. Cairmey y Col. 2013, encontraron que quienes practican ejercicio vigoroso pueden disminuir el estrés y mejorar la salud general y su sentimiento de bienestar. 137REVISTA DIVERSITAS - PERSPECTIVAS EN PSICOLOGÍA - Vol. 10, No. 1, 2014Estrés laboral y actividad física en empleadosEntre las principales limitaciones del estudio se encuentran el sesgo temporal y el carácter explo-ratorio de las asociaciones estadísticas. No obs-tante dichas limitaciones, este y otros estudios, ponen de manifiesto el efecto protector de la ac-tividad física sobre los dominios del estrés labo-ral; además, se evidenció que la inactividad física y el estrés laboral presentan una elevada preva-lencia en el grupo de estudio, lo que supone que los trabajadores incluidos en esta investigación presentan elevada carga de trabajo, compromiso, estrés, dificultades para invertir el tiempo libre en actividades físicas y otros factores que deben ser objeto de programas de atención y educación en salud y prevención de la enfermedad. ReferenciasAsztalos, M., Bourdeaudhuij, I. Cardon, G. 2010. The relationship between physical ac-tivity and mental health varies across activi-ty intensity levels and dimensions of mental health among women and men. Public Health Nutrition, 138, 1. 207-1.","1",""
"T2-0081","10027415.txt","UNIVERSIDAD DE CANTABRIA. FACULTAD DE DERECHO. Grado en Derecho. TRABAJO DE FIN DE GRADO. CURSO ACADÉMICO 20172018 LA PUBLICIDAD ILÍCITA. EN ESPECIAL, LA PUBLICIDAD SEXISTA. ILLICIT ADVERTISING. IN PARTICULAR, SEXIST ADVERTISING. AUTORA: PAULA VIADERO GONZÁLEZ. DIRECTOR: JULIO ÁLVAREZ RUBIO. La publicidad ilícita. En especial, la publicidad sexista. Paula Viadero González. 1 ÍNDICE I. CONCEPTOS GENERALES. 1. Derecho de la Competencia y competencia desleal ..................... Pág. 3 2. La publicidad ilícita ......................................................... Pág. 5 3. Los límites a la libertad de expresión ..................................... Pág. 6 II. LA PUBLICIDAD SEXISTA. 1. Introducción .................................................................. Pág. 9 2. El sexismo en la publicidad ................................................ Pág. 10 3. Evolución de la imagen publicitaria de la mujer en la historia ......... Pág. 10 III. ESTUDIO ESTADÍSTICO. 1. Introducción .................................................................. Pág. 14 2. Ficha técnica .................................................................. Pág. 14 3. Resultados ..................................................................... Pág. 15 4. Conclusiones .................................................................. Pág. 21 IV. RÉGIMEN REPRESIVO DE LA PUBLICIDAD ILÍCITA. 1. El artículo 6 de la Ley General de Publicidad ........................... Pág. 21 2. La Asociación de Autocontrol de la Publicidad ......................... Pág. 24 V. LA POSIBLE RESPONSABILIDAD PENAL. 1. El delito ....................................................................... Pág. 25 2. Las penas ..................................................................... Pág. 30 3. La responsabilidad de la persona jurídica ................................ Pág. 31 VI. CONCLUSIONES ................................................................... Pág. 31 VII. BIBLIOGRAFÍA ................................................................... Pág. 34 VIII. ANEXOS ............................................................................ Pág. 37 La publicidad ilícita. En especial, la publicidad sexista. Paula Viadero González. 2 PRESENTACIÓN DEL TRABAJO. El presente Trabajo de Fin de Carrera titulado La publicidad ilícita. En especial, la publicidad sexista tiene el fin de estudiar los aspectos jurídicos básicos de la publicidad ilícita y sexista, centrándose especialmente en la publicidad que atenta contra los derechos fundamentales de las mujeres.","0",""
"T2-0082","10171619.txt","También se destaca lo descrito por Freud cuando sostiene que el superyó se manifiesta de distintas formas en un sujeto, como pueden ser la conciencia moral, el sentimiento de culpa, la necesidad de castigo y el autocastigo, lo que incide en la forma como se introyecta una ley en el psiquismo de un sujeto. Ahora, qué incidencia tienen la familia y las instituciones sociales en la constitución de la ley?, qué influencia tienen sobre el niño para que asuma los límites en una sociedad, una cultura y unos espacios de socialización? Aquí es de rescatar que la familia es comprendida como una organización, que al igual que el niño ha tenido durante la historia de la humanidad distintas formas de concepción y comprensión. Pero lo más significativo es que la familia en la actualidad tiene como función garantizar el cuidado y la protección de la figura del niño, a su vez garantizar o promover procesos de regulación e instauración de normas que permiten que se estructure la subjetividad del individuo. Es por esto que los padres de familia inciden en el establecimiento de un orden en la relación del niño con los miembros de una familia y una determinada sociedad. Aquí se introduce un aspecto importante y es la función que tiene el 85 padre, la madre o algún representante de autoridad en tanto prohíbe, limita o instaura la ley en un niño, y lo que a su vez le permite que se inscriba en una cultura y sociedad. Por lo anterior, es de resaltar que tanto la familia como la cultura tienen una función civilizadora, que propicia una serie de ordenamientos que permiten el orden social y el reconocimiento de ley y normas.","1",""
"T2-0083","10073854.txt","Todo ello tuvo lugar en el vestuario del campo, al igual que en una mesa redonda, donde todos podían ver a todos y mostrar sus opiniones personales. Fue uno de los momentos más agradables y familiares que compartimos todos en conjunto y nos llevó a recapacitar sobre lo que cada uno opinaba. Para terminar, se concluyó con la pregunta que resume todo lo anterior en la cual daban importancia al respeto por los compañeros dentro de un equipo, desde su punto de vista. En este sentido, 6 jugadores pusieron que era bastante importante respetar a sus compañeros y los otros 5 pusieron que era muy importante. En general, todos estaban convencidos de la importancia del respeto, uno de los objetivos a lo largo de toda la Secuencia. Por último, es necesario dedicar un análisis a la hoja del anexo 3. La pregunta 6, contenía un componente agresivo que debía ser reconocido por el jugador. 9 de los 11 niños lo detectaron como entrada agresiva. Otro de ellos lo calificó como algo que se ve frecuentemente en el fútbol y, por último, otro jugador indicó que es como debe entrarse en el fútbol para quitar el balón. 40 Éste último, se refería a las entradas que le realizan a él continuamente en el campo. Por lo tanto, se pudo conseguir que todos observasen esa agresividad por parte del jugador que roba el balón. Otra pregunta de respeto, como la número 10, tuvo un completo de respuestas sobre la necesidad de disculparse ante una acción antirreglamentaria en los partidos.","1",""
"T2-0084","10023975.txt","Este trabajo está enfocado en una revisión teórica sobre los conceptos más importantes que giran en torno al concepto interculturalidad tanto fuera y como dentro de la escuela. Además, se elabora una propuesta de un Plan de Interculturalidad para el CEIP Cantabria en Puente San Miguel, el cual tiene como base la participación de todos los agentes involucrados en el centro y un objetivo muy claro, la construcción de una escuela y una sociedad más inclusiva. Palabras clave: Cultura, Interculturalidad, Plan de Interculturalidad, Programa de acogida, Valoración Inicial, inclusión. JUSTIFICACIÓN: El presente trabajo de fin de grado trata de desarrollar un plan de Interculturalidad para un centro en concreto, El CEIP Cantabria en Puente San Miguel. Puente San Miguel es la capital del municipio de Reocín, además es el núcleo poblacional más grande del mismo. En los últimos años se han construido nuevas urbanizaciones que han fomentado el incremento de nuevos habitantes para la zona. Podemos considerarlo como una zona rural con focos urbanos muy próximos, como es el caso de Torrelavega segunda ciudad con más habitantes de la comunidad de Cantabria que tan solo se encuentra a unos 3km. Además hay que tener en cuenta que la distancia entre esta última ciudad y la capital de la comunidad autónoma, Santander, es de tan solo 27km. Generalmente, los mayores focos de población inmigrante se encuentran en las ciudades donde la accesibilidad y la oferta de trabajo es mayor. En este caso, Torrelavega y Santander han sido los núcleos de población que más inmigrantes han acogido en nuestra comunidad autónoma en los últimos años.","1",""
"T2-0085","10100185.txt","Estas creenciasse van actualizando a medida que se van recibiendo nuevos datos por medio deuna función de probabilidad, que relaciona las creencias previas con las observa-ciones actuales. Esto da lugar a una distribución de probabilidad actualizada, ladistribución a posteriori, que se utiliza para ir realizando la predicción de cadauna de las salidas. No obstante, los GPs presentan una complejidad computacional cúbica conel número de salidas y de muestras utilizadas y de almacenamiento cuadráticacon el número de salidas y de muestras utilizadas. Por ello y ya que apenasexisten en la actualidad técnicas de complejidad lineal, en este trabajo se buscaun enfoque mucho más simple, basado en versiones Multi-Output de algoritmostipo Kernel Least Mean Square o KLMS, que permita reducir la complejidad delos algoritmos y seguir obteniendo al mismo tiempo buenos resultados con ellos. 3. 2. Técnicas de concatenaciónComo primera aproximación, en un sistema Multiple-Input Multiple-OutputMIMO de M entradas y M salidas se poda emparejar cada entrada con unasalida y aplicar los distintos algoritmos Single-Output propuestos a cada par deseries temporales véase la Fig. 3. 1. A pesar de ser una solución válida, esta no es óptima, ya que no tiene encuenta las correlaciones existentes entre las series temporales de entrada, lo queconsigue importantes mejoras en las prestaciones de los distintos algoritmos. Por ello, en este trabajo se propone una forma sencilla pero efectiva de conver-tir los algoritmos propuestos anteriormente en Multi-Output aprovechando estacorrelación: la concatenación de los datos de entrada. El método propuesto consiste, por tanto, en concatenar en cada instantetemporal las L muestras de cada una de las M series temporales de entrada,formando a un vector de entrada de dimensiones L M 1 véase la Fig.","1",""
"T2-0086","10024998.txt","A partir de los artículos relevantes identificados, se llevó a cabo una búsqueda manual en la lista de referencias de las publicaciones elegidas, para identificar estudios adicionales en artículos, memorias de congresos y resúmenes. Además, se realizó el contacto con los autores cuando fue necesario. Por ultimo hubo cuatro artículos de los que no se pudo disponer del texto completo para su evaluación. En total fueron seleccionados 6 artículos para la revisión que no cumplía ninguno de los criterios de exclusión Metodología de la valoración de ensayos clínicos Para la valoración de la calidad metodológica de los ensayos clínicos se utilizo la escala PEDro. La función de esta escala es ayudar a los usuarios de las bases de datos a identificar cuales de los ensayos clínicos aleatorizados pueden tener suficiente calidez interna y suficiente información estadística, para hacer que sus resultados sean interpretables. Lo Jesús A. Ruiz TFG - 13 - hace a través de 11 ítems, otorgando un punto por cada item si la respuesta al mismo es positiva. Los ítems que se valoran son los siguientes: 1. Los criterios de elección fueron especificados 2. Los sujetos fueron asignados al azar a los grupos en un estudio cruzado, los sujetos fueron distribuidos aleatoriamente a medida que recibían los tratamientos 3. La asignación fue oculta 4. Los grupos fueron similares al inicio en relación a los indicadores de pronostico más importantes 5. Todos los sujetos fueron cegados 6. Todos los terapeutas que administraron la terapia fueron cegados 7. Todos los evaluadores que midieron al menos un resultado clave fueron cegados 8.","1",""
"T2-0087","10031719.txt","Esta formación podría ayudar a las personas con diversidad funcional a desarrollar su autonomía e independencia, así como a mejorar sus habilidades sociales y comunicativas. Se trata, por tanto, de una apuesta que pretende visibilizar a las personas con discapacidad en la sociedad, así como dar voz a un colectivo que precisa que se tiendan puentes que permitan su participación plena y efectiva en la sociedad. 2. Educación inclusiva La educación inclusiva, de acuerdo con Rodríguez y Álvarez 2017, se ha establecido como un reto y una responsabilidad a nivel global para garantizar una educación equitativa y de calidad para todos, atendiendo tanto a la diversidad de personas como de contextos. El interés de garantizar un proyecto educativo igualitario ha ido forjando progresivamente, tanto a nivel nacional como internacional, el compromiso de promover una línea educativa de actuación común, prestando especial atención a la diversidad de todos los ciudadanos y eliminando cualquier tipo de discriminación Barrio, 2009. Sin embargo, conviene destacar el origen y la evolución que se ha producido hasta llegar a la educación inclusiva. Siguiendo el planteamiento de Parrilla 2002, existen cuatro etapas educativas diferenciadas en este proceso de transformaciones que se han venido produciendo en favor de la inclusión. En este sentido, la exclusión es considerada como aquella primera etapa en la que únicamente recibían formación las personas pertenecientes a las élites, mientras que a ciertos colectivos clase trabajadora, mujeres, grupos culturales marginales y personas identificadas con discapacidades se les negaba el acceso a los procesos educativos Acevedo, 2014.","0",""
"T2-0088","10035386.txt","El sector financiero español se ha caracterizado, en su conjunto, por su capacidad para la rápida integración de los avances tecnológicos que estaban disponibles en cada momento, favoreciéndose del gran impulso que han supuesto las TICs al negocio bancario, lo que les ha permitido evolucionar y competir en el mercado. En el caso de España, el sector financiero, se ha considerado como el sector que más gastos ha desenvuelto en incorporación de las tecnologías. Hemos podido demostrar a través de un modelo empírico y la aportación de datos de fuentes fiables, que la incorporación de las TICs ha transformado positivamente el negocio bancario. Tras la irrupción de la crisis el sector financiero fue uno de los más damnificados, y dejó un panorama desolador, con caídas de márgenes, precios, beneficios, descenso de ingresos... La llegada de Internet favoreció en gran medida el resurgimiento del sector, con la entrada a nuevos mercados, servicios y productos. El cliente también vio en CARLOTA GARROTE ELVIRA - 33 - Internet un gran beneficio del cual podría obtener mayor conocimiento de las características y condiciones de los productos y servicios bancarios, Pese a que Internet ha favorecido de forma significativa el sector financiero, tal y como hemos defendido y que, el negocio de la banca por Internet aún está en pleno apogeo, con grandes oportunidades de crecimiento, cabe destacar numerosas cuestiones a futuro, como acompasar la evolución de internet a la banca, hacer frente a nuevos competidores en el mercado financiero con la adopción de nuevas estrategias, plantear soluciones a los ataques cibernéticos y a los riesgos asociados que plantea la banca online, restaurar la credibilidad del sector...","1",""
"T2-0089","10054640.txt","Eléctrica en Nave Carpintería Metálica PABLO LIAÑO FERNÁNDEZ 350 correspondiente instalación eléctrica, en el que se certifica que la misma está terminada y ha sido realizada de conformidad con la reglamentación vigente y con el documento técnico de diseño correspondiente, habiendo sido verificada satisfactoriamente en los términos que establece dicha normativa específica, y utilizando materiales y equipos que son conformes a las normas y especificaciones técnicas declaradas de obligado cumplimiento. En función de la singularidad de la edificación, distancia a zonas habitadas y residenciales, etc., se podrá exigir la aportación para su recepción definitiva de la siguiente documentación: Informe emitido por técnico competente que garantice que el local cumple con la normativa aplicable en materia de protección contra incendios. Informe de medición y certificado de cumplimiento emitidos por técnico competente que garantice que el local cumple con la normativa aplicable en materia de aislamiento acústico, ruidos y vibraciones. Informe de medición de campos electromagnéticos emitidos por la instalación. En el resto de casos se podrá exigir alguno de estos informes en función de la singularidad de la edificación, distancia a zonas habitadas y residenciales, etc. 5. 1. 2. 3 Seguridad en el trabajo El Contratista, para la ejecución de las obras del proyecto, además de lo prescrito en el presente pliego de condiciones, se regirá por lo especificado en la Ley 311995, de 8 de noviembre, de Prevención de Riesgos Laborales y el Real Decreto RD 16271997, de 24 de octubre, sobre disposiciones mínimas en materia de seguridad y salud en las obras de construcción y demás ordenanzas vigentes.","1",""
"T2-0090","10099536.txt","Un CSRR es la imagen negativa de un SRR y produce una banda suprimida de alto rechazo en la vecindad de su frecuencia de resonancia. El comportamiento correcto de la célula CSRR depende básicamente de tres factores: la geometría, el dieléctrico y la posición del CSRR en el plano tierra del SILPF. Primeramente se diseñó el CSRR. Las dimensiones se escogieron de tal manera que la primera frecuencia de resonancia del CSRR fuera igual a la frecuencia de corte de -3 dB del SILPF que se requería que fuera de 3 GHz. El diseño y cálculo de la frecuencia de resonancia del CSRR no se discute aquí ya que una explicación detallada se brinda en 13. Filtros finline utilizando SRRsEn este artículo se presenta una nueva técnica para desarrollar un filtro finline pasabanda BPF y un filtro finline antipodal supresor de banda BSF. Las Figuras 8a y 8b muestran las configuraciones unilateral y antipodal, respectivamente. El mismo procedimiento de diseño que se aplicó en el filtro pasabajo de microcinta puede aplicarse para diseñar un filtro BPFBSF en configuración finline utilizando SRRs. En este artículo se mostrará que pueden utilizarse como elementos los SRRs tomados en parejas para mejorar la respuesta de los filtros de estas configuraciones. Para este propósito, primeramente se utiliza el método convencional de filtro pasabanda. Una vez que se encuentra la respuesta electromagnética simulada, una célula de SRR se coloca en la estructura del filtro finline como se muestra en la Figura 9. RESULTADOSLa Tabla 1 y la Figura 2 muestran el diseño típico de los parámetros geométricos.","1",""
"T2-0091","10101428.txt","ISSN 1405-1435, UAEM, núm. 62, mayo-agosto 2013, pp. 199-220Educar en la sociedad contemporánea. La escuela, al igual que el resto de instituciones sociales, ha sufrido un importante proceso de transformación motivado por las exigencias del nuevo tipo de sociedad. Vivimos así un momento donde es necesario hablar de un nuevo escenario educativo en el que algunos de los elementos esenciales de esta institución social, incluidas sus funciones, se vean abocados al cambio. En este artículo se presenta una reflexión sobre la situación de la escuela, tomando como referencia algunas cifras e indicadores de la realidad española que puede ser extrapolada a la mayoría de las sociedades occidentales. Palabras clave: escuela, sociedad occidental, sociedad de la información y el conocimiento, funciones sociales de la escuela, nuevos retos del sistema educativo. Convergencia Revista de Ciencias Sociales, núm. 62, 2013, Universidad Autónoma del Estado de México200IntroducciónVivimos en una sociedad donde el ritmo del cambio social se presenta más rápido e intenso que en cualquier otro momento de nuestra historia; según Fernández Enguita 2001, es la sociedad del cambio intrageneracional1 que nos hace ser testigos, y protagonistas de un mundo que cambia de mane-ra continua durante nuestra vida y que nos obliga a adaptarnos a multitud de situaciones a lo largo de ésta. Es, en palabras de Giddens 2005, un mundo desbocado, en el que la incertidumbre hacia el futuro condiciona el presente la sociedad del riesgo, según Beck 1998 y donde las profundas trans-formaciones y cambios vertiginosos dan lugar a una sociedad en la cual todo fluye, donde Heráclito ha sustituido a Parménides para dar lugar a lo que Bauman 2006 ha bautizado como modernidad líquida.","1",""
"T2-0092","100099054.txt","4. Formas de medir la satisfacción Lo expuesto por Gonzales, L. Carmona, M Rivas, M 2007, p. 13 es que el entorno en el que nos desarrollamos es cada vez más competitivo, las empresas se desarrollan en un ambiente versátil, donde la demanda de un producto o servicio puede ser menor a la oferta que existe de estos, así los consumidores tienen más de una alternativa para escoger. Es por eso que las compañías deben tener especial cuidado en lo ofrecido a sus clientes para conseguir que estos se fidelicen. Deben tener también, especial cuidado con las exigencias y el nivel de cumplimiento de las mismas. La guía para la medición directa de la satisfacción de los clientes, propone dos formas de medir la satisfacción, puede ser de forma directa y de forma indirecta. Para la evaluación directa se toma en cuenta la percepción del consumidor sobre el desempeño de la compañía para cumplir sus exigencias. La evaluación indirecta se lleva a cabo con una investigación de los datos relacionados sobre el desempeño de la compañía para cumplir con sus exigencias, pero sin consultarle directamente, es decir que la compañía será la encargada de recopilar sus propios datos, a través de diversos indicadores como, por ejemplo: quejas, datos de rechazos, número de pedidos, número de ventas, cumplimiento de plazos de entrega, etc. Se debe tener en consideración que los dos tipos de medición se complementan uno con otro. 4. 5. Sector Hotelero de Lujo 4. 5. 1. Definición La definición que brinda Mestres 2000, p. 1 acerca del sector hotelero es, aquel que engloba todos los establecimientos, quienes de forma profesional y continúa se encargan de brindar alojamiento a personas, a cambio de una retribución económica.","1",""
"T2-0093","10015261.txt","En el desarrollo del cuestionario de evaluación remitido a los expertos se emplearon valores de escala nominales Nada adecuado, Poco adecuado, Ade-144 M. E. GARCÍA-RUIZ, F. J. LENA-ACEBO APLICACIÓN DEL METODO DELPHI ... EMPIRIA. Revista de Metodología de Ciencias Sociales. N.o 40 mayo-agosto, 2018, pp. 129-166. ISSN: 1139-5737, DOI empiria. 40. 2018. 22014cuado, Bastante Adecuado y Muy adecuado asociados de forma automática a indicadores ordinales 1, 2, 3, 4 y 5 respectivamente para su tabulación sencilla, asumiendo como definidas las relaciones entre categorías y los límites de las mismas sin considerar los verdaderos límites reales o valores correspondientes a escalas de intervalo, lo que puede implicar un error en la precisión de la de-terminación de dichos valores. De esta forma, al asignar los valores de forma directa, se establece una distribución escalonada en números enteros de valor fijo que no se corresponde con una valoración en un continuo y que, por lo tanto, no presenta una distribución en una recta real acotada por valoraciones de intervalo Mead, 1992; Torgerson, 1958; Torgerson, 1952. Para comprobar el acierto en dicha asunción de equivalencia entre escalas se empleó el modelo de Torgerson 1952 a través de un reescalamiento de forma que se logre una mayor objetividad en el tratamiento de la información al con-vertir la escala ordinal original cualitativa en una escala de intervalo cuantita-tiva Medina et al. , 2011 que permita la valoración de cada uno de los ítem de forma individual. De esta forma, el modelo de Torgerson se sustenta en los siguientes supues-tos aportados por Medina et al.","1",""
"T2-0094","100253898.txt","Ibarra Guerrero, Katia Irina. Poéticas soterradas: mujeres del exilio menor en México. Estudios de Teoría Literaria. Revista digital: artes, letras y humanidades, noviembre de 2020, vol. 9, n 20, pp. 183-196. Esta obra se encuentra bajo una Licencia Creative Commons Atribución-NoComercial-CompartirIgual 4. 0 Internacional. 1 Doctora en Estudios Humanísticos ITESM, en la Cátedra Literatura y Discurso. La presente investigación se realizó durante una estancia posdoctoral en la ENES-UNAM. Actualmente, adscrita al Instituto Pensamiento y Cultura en América Latina IPECAL y miembro del Sistema Nacional de Investigadores SNI, Conacyt. katiaibarraipecal.edu.mx Katia Irina Ibarra Guerrero 184 Estudios de Teoría Literaria, 9 20, Poéticas soterradas: mujeres del exilio El exilio y sus proyectos intelectuales omo consecuencia de la Guerra Civil Española y de la irrupción del fascismo en contra de la República, comenzó la emigración de una parte de la sociedad española que conocemos como el exilio republicano, que fue posible gracias a la apertura política y humanitaria de diversas naciones. Los refugiados de la guerra se dirigieron a la entonces URSS y a México, principalmente, además de países como Argentina y Francia. Una muestra del apoyo que dio México a los exiliados republicanos se registró en 1937, cuando Lázaro Cárdenas impulsó la emigración de 500 niños de la guerra, conocidos como los niños de Morelia por haber llegado a esta ciudad mexicana. El Sinaia, primer barco con refugiados españoles, llegó a Veracruz en 1939; más tarde le siguieron el Ipanema y el Méxique como parte de la política cardenista. Los exiliados ocuparían funciones muy diversas en México; fundaron instituciones educativas como el Instituto Luis Vives, el Instituto Hispano-mexicano Ruiz de Alarcón, la Academia Hispano-mexicana y el Colegio Madrid, con el fin de preservar los valores republicanos, las tradiciones españolas y educar bajo esos principios a sus hijos, aspecto de gran importancia para comprender la formación de la generación hispanomexicana segunda generación o exilio menor.","0",""
"T2-0095","10140288.txt","Beneficios de la lactancia materna para el niñoa. La leche materna facilita la digestión y absorción de los nutrientes 8: El tránsito intestinal con leche de fórmula es más lento que en los niños alimentados con leche materna, con un vaciamiento gástrico de 180 minutos frente a 60 minutos con leche materna. Desde el punto de vista inmunológico, los avances más espectaculares de mayor repercusión en el conocimiento de los efectos beneficiosos de la leche materna, se debe a la realización de técnicas que han permitido demostrar la contribución específica de los numerosos factores bioactivos existentes en este tipo de leche. Los factores de crecimiento existentes en la leche humana, tal como el factor de crecimiento epidérmico, la lactoferrina, el cortisol y diversas hormonas, inducen un efecto estimulante sobre el desarrollo del intestino neonatal e incrementan la efectividad de la barrera epitelial evitando el paso de antígenos y bacterias a la circulación sistémica. Se ha demostrado que disminuye la incidencia yo gravedad de enfermedades infecciosas 9-13 gastrointestinales, respiratorias 14, otitis media aguda 15 e infección urinaria 16, 17: - Infecciones gastrointestinales: los lactantes no amamantados presentan una mayor frecuencia de infecciones por Rotavirus, Giardia Lambia, Shigella, Campylobacter y E. Coli enterotoxigénica. La flora normal del tracto intestinal de los lactantes alimentados con leche materna está constituida por L. bifidus que actúa como probiótico. El elevado número de bifidobacterias puede disminuir el pH del intestino, lo que limita el crecimiento de ciertos patógenos. Además del efecto protector bacteriostático de la lisozima y de la lactoferrina presente en la leche materna.","1",""
"T2-0096","10117924.txt","Por lo tanto, en un mismo inmueble coexisten dos tipos de derechos, los exclusivos y los de copropiedad regulados en la LPH y en los estatutos propios. Es conveniente realizar una distinción entre ambos elementos, comunes y privativos. La Ley de propiedad horizontal no hace relación detallada de los elementos comunes. Se refiere a ellos en el artículo 3 LPH, que a su vez remite a lo dispuesto en el artículo 396 del Código Civil en el cual se establece una enumeración de elementos comunes. La enumeración, sin embargo, no puede ser considerada como un numerus clausus tal y como sucedía en la regulación anterior a la Ley 81999, de 6 de abril -por la que se modifica la Ley de Propiedad Horizontal, Ley 491960 de 21 de julio-, pues la reforma operada en el artículo 396 del Código Civil, a través de la mencionada Ley, incluyó la cláusula y cualesquiera otros elementos materiales o jurídicos que por su naturaleza o destino resulten indivisibles, modificándose así el carácter o naturaleza de la anterior enumeración que, a partir de ese momento, no puede sino calificarse de abierta o de numerus apertus. 13 12 Preámbulo Ley 491960, de 21 de julio, sobre propiedad horizontal. 13Guías jurídicas WoltersKluwerhttps:guiasjuridicas.wolterskluwer.esContentDocumento.aspx?paramsH4sIAAAAAAAEAMtMSbF1jTAAAUMjU2NztbLUouLMDxbIwMDCwNzAwuQQGZapUt-ckhlQaptWmJOcSoABqf2sTUAAAAWKE consultada 26 de diciembre de 2019. 12 Dentro de los elementos comunes distinguimos dos tipos: comunes por naturaleza y comunes por destino, mientras que los primeros han de tener la configuración de comunes en toda clase de comunidad, los considerados comunes por destino pueden serlo, o no, según los casos y conforme al correspondiente título constitutivo y si bien es cierto que los elementos comunes por destino pueden transformarse en partes privativas siempre que la comunidad acuerde, por unanimidad, su desafectación, los por esencia o naturaleza no pueden dejar de ser comunes en todo caso, con independencia de que su uso, como ocurre con los patios y también las cubiertas planas, pueda ser atribuido a los que tengan acceso directo desde sus viviendas Sentencias de17 de julio de 1987, 20 de abril de 1991 y 4 de noviembre de 199414 Sentencia Audiencia Provincial Orense Sección 1a, 14 de Abril de 2004.","1",""
"T2-0097","100252633.txt","This work is based on the experiences of 19 Profesores Invstigadores PI in the field of Humanities and Education at the Benemérita Universidad Autónoma de Puebla. They are all recognized by The Sistema Nacional de Investigación SNI and taught undergraduate classes in 2018. This is a qualitative research with a phenomenological approach, whose main interest was to reconstruct the Research Training Path of the aforementioned IPs through the analysis of their perspectives and their most meaningful experiences on research. In order to collect information, in-depth interviews were conducted. The data was organized and analyzed using Atlas Ti 7. 5. Revista de Educación Para la recolección de la información se realizaron entrevistas a profundidad, la organización y análisis de los datos fue a través del software atlas ti 7. 5. Entre los principales resultados se pudo identificar que la formación en investigación es poco estudiada, con respecto a los PI se encontró que la experiencia, el contexto, la autonomía y diversos actores juegan un papel clave en la construcción de su Trayectoria de Formación en Investigación. La experiencia de dichos PI, nos invita a la autoreflexión sobre nuestros propios procesos para poder tomar en cuenta los elementos claves que marcaron la trayectoria de formación en investigación de dichos profesores con la finalidad de poder enfatizarlas en nuestra práctica. Palabras Clave: Trayectoria; Formación en Investigación; profesor investigador Among the main results, it was possible to identify that research training is poorly studied. With respect to IPs, it was found that experience, context, autonomy and various factors play a key role in the development of their Research Training Path.","0",""
"T2-0098","10098476.txt","Para continuar con esta caracterización, es inevitable volver a presentar las propiedades básicas que debe tener un meme para poder funcionar como tal: a. Longevidad capacidad de mantenerse en el tiempo b. Fecundidad capacidad de reproducirse c. Fidelidad al original en la transmisión fidelidad a la información principal de este, manteniéndose así en las diferentes variaciones que sufre Debido al gran impacto del meme, los destinatarios tienen la posibilidad de modificarlo y difundirlo libremente en función de las necesidades comunicativas de ese momento concreto. Esto propicia que la autoría de los memes sea anónima en casi la totalidad de las situaciones y los receptores sean libres de difundir, apropiarse y modificar los memes que reciban. No obstante, hay que destacar que en ocasiones la autoría del meme es conocida debido a que se incluye el nombre Trabajo de Fin de Grado 19 o usuario de quien lo elabora dentro del mismo y así, además de reclamarlo, también da a conocerse como creador. Con relación a la difusión de los memes, se ha estimado que pertenecen a la nueva cultura participativa Shifman y Jenkins apud Ruiz Martínez, 2018, la cual reúne valores como la imitación, la reapropiación y la remezcla de ellos. 2. 2. 3. 1. MEME COMO GÉNERO MULTIMODAL La multimodalidad es un elemento crucial para encuadrar el género del meme, debido a la combinación que se desarrolla en su formato: imagen y texto. Desde la teoría multimodal Williamson apud Fuica González, 2013 se propone un enfoque del discurso en el que no se vea al meme como un objeto de estudio aislado, sino como parte de un proceso, es decir, que tiene un elemento central, formado por distintos discursos y modos de significación, que han sido seleccionados conscientemente por un emisor Fuica González, 2013.","0",""
"T2-0099","10008076.txt","Introducción 4 2. análisis del estado del arte 5 3. Metodología 6 4. Desarrollo de la investigación 7 4. 1. Evolución y maduración de la DLT 7 4. 2. Plataformas DLT 8 4. 2. 1. Blockchain 9 4. 2. 2. Hashgraph 10 4. 3. Niveles de aplicación 13 4. 3. 1. Consenso La base sobre la que construir 13 4. 3. 2. Herramientas El puente entre el consenso y las aplicaciones 14 4. 3. 3. Aplicaciones Servicios construidos sobre la DLT 14 4. 4. Retos 16 4. 4. 1. Criptoeconomía 17 4. 4. 2. Funcionamiento de las plataformas DLT 18 4. 4. 3. Seguridad 18 4. 4. 4. Gobernanza y estabilidad 19 4. 4. 5. Conformidad con la legislación 20 5. Conclusiones 20 5. 1. Limitaciones del trabajo y posibles líneas de investigación futura 21 6. Bibliografía 22 JAEL BURGADA RUIZ 3 de 25 RESUMEN La tecnología de registro distribuido DLT cobra cada vez mayor importancia en el mundo de los negocios, ya que permite realizar transacciones de valor a través de internet entre desconocidos sin la intermediación de una entidad central que las controle. Crea consenso en un grupo de personas entre las que no hay confianza mutua. Se trata de una innovación disruptiva que pone en cuestión el paradigma económico actual. Es importante, por lo tanto, informarse bien sobre sus posibles aplicaciones y los retos a los que se enfrenta. Para esto, es necesario tener una perspectiva más global, alejada de plataformas concretas que, si bien es cierto que son las más populares en la actualidad, quizás no perduren en el tiempo.","0",""
"T2-0100","10026334.txt","GRADO DE MAESTRO EN EDUCACIÓN PRIMARIA 2017 2018 DE NUESTRO PROYECTO A NUESTRA BIBLIOTECA FROM OUR PROJECT TO OUR SCHOOL LIBRARY Autora: Iris Fernández Menéndez Directora: Encarnación Bermúdez Gómez Julio 2018 Vo Bo DIRECTOR Vo Bo ALUMNO Facultad de Educación 1 RESUMEN La biblioteca escolar juega un papel muy importante dentro del centro escolar. No debemos considerarla únicamente como un espacio independiente, relacionado con un servicio opcional y complementario a las tareas docentes en el que, se almacena una colección de libros más o menos organizada y en donde los alumnos acuden a realizar sus tareas. Una nueva cosmovisión pide a gritos llegar para quedarse y cambiar el concepto que se tiene de la biblioteca en la gran mayoría de colegios. Dada la importancia que tiene concebir la biblioteca como un espacio propicio para mejorar el proceso de aprendizaje del alumno, para complementar la labor docente y para ser un espacio dinamizador de recursos, los objetivos de este trabajo van encaminados a ofrecer sugerencias y orientaciones para organizar coherentemente y poner en marcha una biblioteca escolar que sea útil y eficaz. Para ello, a lo largo de este estudio, se trabajará la creación y la puesta en funcionamiento de una biblioteca a partir de un proyecto innovador en el CEIP Marina de Cudeyo. PALABRAS CLAVE Biblioteca escolar, proyecto, construir, funcionamiento y organización. Objetivos y funciones de la biblioteca escolar ...................................... 6 3. 3. Hábito lector .................................................................................. 8 4. Organización de la biblioteca escolar ................................................... 9 4. 1. Analizar el punto de partida: conocer qué biblioteca tenemos ................","0",""
"T2-0101","100104264.txt","Con ella vinieron las mujeres, sus primeros besos, sus primeras alegrías, sus primeros sufrimientos y al irse, le dejaron una melancolía ósea que nunca lo abandonó. Terminaron de formarlo, le mostraron lo gárrulo de las frases de amor, lo intangible de la pasión, lo difícil del olvido, lo insoportable de la ausencia. Aun así su vida continuó girando en torno a ellas. A temprana edad supo que las mujeres y sólo ellas, podían mantener y despertar la esperanza sin la menor justificación sin el mayor motivo e invitarlo a un mundo, en el que de no ser por ellas hace tiempo hubiese claudicado. Dedicó su vida y su talento a desentrañar el secreto del eterno femenino. Al chocar contra la mujer de su vida, ésta lo dejó herido de gravedad y ya no tuvo fuerzas para reponerse, todo lo querido había perdido su fundamento. Decidió abandonar por completo su búsqueda, dedicándose a escribir para alivianarse el espíritu, para buscar la salida al laberinto en el que se había convertido su existencia. Fue entonces cuando se le ocurrió que la Mujer era la mayor de las palabras. La idea le alegró, aunque no descubría nada con ella, sabía que con dicha imagen se acercaba un poco a la verdad del eterno femenino. Los días pasaron con monotonía pasmosa, en el cerebro de Sergio seguía dando vueltas la relación entre las mujeres y las palabras. En una tarde de un noviembre caluroso se acordó de las mujeres que había querido e intentó sintetizarlas en palabras, tomó un papel en sus manos y escribió: Laura o la mujer que piensa en sí.","0",""
"T2-0102","100253973.txt","El estilo de Finzi es inconfundible. Jorge Dubatti 2013 lo ha definido como: Lirismo de alto espíritu poético y pura autonomía literaria, pero a la vez aliado a la metáfora política y la observación certera de los conflictos reales; estructuras y procedimientos no convencionales, que renuevan en el espectador la sorpresa de principio a fin; reelaboración original de los legados del simbolismo y el surrealismo, que hacen de la escena una cámara mágica u onírica, a la par que social; focalización desde una mirada humorística y dramática que revela como pocas la hondura de la experiencia humana; conversación de hombres con animales, insectos, con el viento, en islas; una pragmática del diálogo única, tan extraña como hipnótica; cruces interculturales de elementos regionales con la tradición intelectual más refinada de Occidente; la apelación a la sinestesia Alguna vez Alejandro Finzi nos aseguró en un intercambio de emails2 acerca de su pensamiento sobre la naturaleza del teatro: el teatro es la manera que tiene la historia humana de tomar conciencia de sí misma. Y esa conciencia no es otra cosa que poesía. Para explicar el término, Finzi recurre a T. S. Eliot en su libro Cuadernos de puesta en escena 2012: La poesía, sólo ella, puede hacernos ver el mundo en un nuevo aspecto, o hacernos descubrir aspectos hasta entonces desconocidos de ese mundo; puede llamar nuestra atención sobre esos sentimientos sin nombre y más Quiero presentarles las piezas que forman parte de su libro Historias de un abuelo que vive lejos de sus nietos año: En cuánto tiempo se derrite un cubito?, de 2010; La historia del elefante rosado y el fotógrafo, escrita en 2011; y Un oso cruza la frontera, fechada en 2013.","0",""
"T2-0103","10050205.txt","La Medicina Judía Bajomedieval en las Coronas de Castilla y Aragón Jewish Medicine in the Crowns of Castile and Aragon during the Late Middle Ages Bruno Navazo Santamaría Trabajo de Fin de Grado dirigido por Dra. Susana Guijarro González Grado en Historia Junio, 2019 A mis padres, por su infinita paciencia. Resumen: El estudio de la medicina en la historia ha estado ligado frecuentemente a la población judía y su gran contribución a esta ciencia. Siendo una sociedad con un apetito insaciable de conocimiento los judíos fueron los mayores exponentes en la creación de obras médicas, fruto de una gran base teórica mezclada con el intercambio de conocimientos con las escuelas, universidades, personalidades famosas e incluso con el propio clero cristiano, cuya escolástica fue vista con especial atención. Este trabajo analiza los elementos más importantes que influyeron directamente en la labor médica judía como el bagaje cultural, la creencia de la magia en aquel momento, la legislación vigente, las diferentes ocupaciones relacionadas con la medicina y su difícil definición, así como lo que su ciencia aportó a la sociedad medieval hispana. Palabras clave: Judaísmo, medicina, España medieval, médico, judeoconverso. Índice: Página Introducción 1 Estado de la Cuestión: Se puede hablar de una historia de la medicina judía? 2 1. Bases teóricas y académicas de la medicina judía 5 1. 1 Fuentes y autoridades 5 1. 2 Lugares y medios de transmisión del conocimiento médico 8 1. 2. 1 Escuelas y universidad 8 1. 2. 2 Los judíos y el movimiento de las traducciones del greco-árabe al latín 12 1.","1",""
"T2-0104","10118347.txt","Ellosas le deberán proporcionar toda la información que necesite para entender el estudio. Una vez que haya comprendido el estudio y si Usted desea participar, entonces se le solicitará que firme el Consentimiento Informado, del cual recibirá una copia firmada y fechada. El objetivo principal de este estudio es valorar la efectividad de un programa formativo sobre la prevención y el tratamiento de las heridas crónicas en personal sanitario, con la intención de mejorar la calidad asistencial en los centros sociosanitarios de Tenerife, María Natalia Arvelo Rosales 42 Efectividad de una intervención educativa sobre prevención y tratamiento de heridas crónicas en atención sociosanitaria en el área de Tenerife este programa formativo al que se le invita a participar tendrá una duración de un año y constará de un cuestionario de conocimientos al inicio, a continuación se realizarán diferentes sesiones formativas una vez por semana, así como talleres prácticos una vez al mes. Una vez realizadas las sesiones formativas se evaluará cada sesión y taller al finalizar los mismos con un test para ver si se han entendido los contenidos. Al finalizar el año se volverán a evaluar los conocimientos sobre heridas crónicas del personal sociosanitario. Se realizará un estudio de incidencia de estas lesiones, así como de su proceso de cicatrización, tanto antes como después de esta intervención, para valorar su efectividad. Su identidad será protegida. Toda información o datos que pueda identificar al participante serán manejados confidencialmente, todos los datos personales serán anonimizados y sólo los miembros del equipo de investigación podrán manejarlos.","0",""
"T2-0105","100104201.txt","Problema al cual no es ajena la ciudad de Cali que alcanza una tasa de desempleo de dos dígitos desde la segunda mitad de los años noventa del siglo pasado. En el plano nacional la estrategia de creación de nuevos empleos se sustenta en la base de alcanzar mayores niveles de competitividad de la economía colombiana, estrategia impulsada desde inicios de los años noventa del siglo pasado, con el proceso de desgravación arancelaria, la reforma al sistema financiero y la adopción de un sistema de regulación del mercado de trabajo más flexible, acorde con un mayor grado de empleabilidad de la mano de obra. No obstante, los esfuerzos en la dirección arriba planteada, en forma alternativa, una línea de actuación sugiere enfatizar en aspectos microeconómicos, vinculando a la estrategia de generación de empleo una dimensión local. De forma que las políticas locales de generación de empleo complementen las políticas de orden macroeconómico. En Aguado 2004 se presenta a los denominados Nuevos Yacimientos de Empleo como opción para generar empleo desde el plano local municipal. El trabajo se estructura así, primero se introduce a los Nuevos Yacimientos de Empleo como propuesta de política económica de generación de empleo desde el plano local; en segundo lugar, se muestran dos metodologías que intentan: la primera estimar el potencial económico de desarrollo de los Nuevos Yacimientos de Empleo en una región, la segunda cuantifica el número de empleos potenciales que se generaría con una política de impulso a los Nuevos Yacimientos de Empleo. Y en tercer lugar, se sugieren tres actividades de los sectores vinculados a los Nuevos Yacimientos de Empleo en el ámbito geográfico de Cali, como actividades piloto para examinar la viabilidad de la estrategia.","0",""
"T2-0106","10143797.txt","Esa convicción también estuvo presente en algunos mapuches que empezaban a transitar por los dos mundos que se unieron en la Frontera. Manuel Manquilef, un joven nacido en Maquehua, criado en su infancia por su abuela en las tierras de su padre, y profesor más tarde, titulado en la Escuela Normal de Chillán, se presentaba como uno de los últimos vástagos de la raza que con gran tenacidad supo defender tres siglos i medio de lucha la integridad de su territorio1. El propio Manquilef relataba que las hazañas de sus hermanos de sangre y la tenaz defensa que hicieron de su territorio eran recordadas con entusiasmo por los soldados que participaban en la Guerra del Pacífico, como si fuesen episodios ya lejanos. Estábamos, agrega Manquilef, en las postrimerías de aquella epopeya viva que parecía enterrada para siempre en el pasado2. Que tanto había de cierto en los presagios de Guevara y en las palabras de Manquilef? Hasta donde el mapuche estaba en vías de extinguirse y asimilarse definitivamente a la nación? Lo que pasó más adelante, demuestra que ambos estaban profundamente equivocados. Lejos de desaparecer, el pueblo mapuche conservó rasgos propios y una identidad que mantiene hasta los albores del siglo XXI, demostrando una enorme capacidad para enfrentar las circunstancias adversas que se le presentaron después de la ocupación de sus tierras. En este artículo nos proponemos, precisamente, explorar los primeros efectos de la ocupación de la Araucanía sobre la sociedad mapuche y algunos factores que impidieron su disolución. Para esto, nos situaremos entre 1900 y 1940, 1 Manuel Manquilef, Comentarios del Pueblo Araucano, Imprenta Cervantes, Santiago, 1911, p. 12.","1",""
"T2-0107","100361656.txt","La voz del traductorLos estudios dedicados a la disciplina que los especialistas denominan traductología o ciencia de la traducción, o también, sirviéndose de un la-tinismo enmascarado, translation studies, son cada día más numerosos. Entre los realmente interesantes, los que no aportan mucho y aquellos con poco sentido, los libros y los artículos que intentan arrojar luz sobre la poética, es decir, sobre la praxis creativa de la traducción, ocupan un área cada vez más amplia en las bibliotecas y en la telaraña informativa en cuyas redes una gran parte de los humanos parece irremediablemente enganchada. Sin embargo, incredibile dictu, son muy pocas, en proporción, las aportaciones tradicional-mente ofrecidas a este tema por parte de quien a dicha praxis se dedica de manera profesional. De hecho, los traductores fruncen a menudo el ceño ante las que consideran teorías curiosas, nacidas para salir con mayor o menor soltura de los pasillos estrechos del mundo académico y en todo ajenas a la carnalidad de la que nace cualquier traducción. Las páginas siguientes se proponen como una pequeña excepción a la regla, es decir, como el modesto testimonio de un traductor literario movido por la esperanza de que el lector pueda comprender y valorar algunas de las decisiones tomadas en su versión del Don Quijote de la Mancha de Miguel de Cervantes publicada en 2012 por la editorial milanesa Bompiani y en la reedición de la traducción de los textos poéticos publicada por la misma Bompiani cuatro años más tarde1. Para evitar el riesgo de una extensión que sobrepase abundantemente los límites normales de un artículo, el presente análisis se centrará en la traduc-ción de algunos de los versos presentes aquí y allá en la obra maestra cervan-tina, con particular referencia a varios de los que se encuentran al principio de la Primera parte.","0",""
"T2-0108","10119638.txt","Llamamos complejo simplicial abstracto a una familia de conjuntos finitosS de un conjunto V de vértices tales que cualquier subconjunto de un conjunto en S está en S. Si nos paramos a pensar un momento, la condición de que cualquier subconjunto no vao de unconjunto en S recuerda a que cualquier cara de un mplice esté en el complejo simplicial. Además,aqú no tenemos que preocuparnos de que los mplices se intersequen de formas degeneradas, yaque la intersección de dos conjuntos cualesquiera siempre es un subconjunto de ambos y, por ello,ya sabemos que está en S. Por tanto, es trivial por las definiciones que cualquier complejo simplicial geométrico se puedeconsiderar como un complejo simplicial abstracto; basta tomar como conjunto V el conjunto devértices 0-mplices de K, y como S los subconjuntos de vértices correspondientes a cada mplicede K. El reproco no es tan trivial, aunque no es complicado ver que si el complejo es finito entoncespodemos representarlo como un complejo simplicial en Rn, para un cierto n. 1. 1. COMPLEJOS SIMPLICIALES 5Otra forma natural de ver un complejo simplicial es como un conjunto de varios mplices pe-gados o, dicho más formalmente, como un espacio cociente. Para verlo, introducimos el mplicegeométrico estándar n, sacado del Catulo 2 de 12, pág. 102-104. Se definen comon : t0, ..., tn Rn1 :iti 1 y ti 0, iDenotamos por n al borde de n, es decir, a la unión de las caras propias de n. Al interiorde n se le denota por n, claramente n n n. Es sencillo ver que todo n-mplice es homeomorfo a n. Basta tomar como homeomorfismo la apli-cación afn que manda a cada punto del mplice a sus coordenadas baricéntricas.","1",""
"T2-0109","10034403.txt","La Ley Orgánica 22006, de 3 de mayo, de Educación LOE asume el contenido de la Ley contra la violencia de género de 2004 e introduce entre los principios de la educación artículo 1 la equidad, que garantice la igualdad de oportunidades; la transmisión y puesta en práctica de valores que favorezcan la igualdad, y el desarrollo de la igualdad de derechos y oportunidades y el fomento de la igualdad efectiva entre hombres y mujeres. Introduce también entre los fines de la educación artículo 2 la educación en el respeto de los derechos y libertades fundamentales, en la igualdad de 27 derechos y oportunidades entre hombres y mujeres y en la igualdad de trato y no discriminación de las personas con discapacidad. Dentro de los objetivos de la educación primaria artículo 17 se plasma la necesidad de conocer, comprender y respetar la igualdad de derechos y oportunidades de hombres y mujeres y, se introduce una asignatura nueva artículo 18 en uno de los cursos del tercer ciclo que se llamará Educación para la ciudadanía y los derechos humanos, en la que se prestará especial atención a la igualdad entre hombres y mujeres. Dentro de los objetivos de la educación secundaria artículo 23 se plasma que contribuirá a desarrollar capacidades que permitan al alumnado valorar y respetar la diferencia de sexos y la igualdad de derechos y oportunidades entre ellos, rechazando los estereotipos que supongan discriminación entre hombres y mujeres y se introduce una asignatura artículo 24, en uno de los tres primeros cursos, llamada Educación para la ciudadanía y los derechos humanos, en la que se prestará especial atención a la igualdad entre hombres y mujeres y en cuarto curso artículo 25 se cursará la asignatura de Educación ético-cívica, en la que se prestará especial atención a la igualdad entre hombres y mujeres.","1",""
"T2-0110","100253514.txt","L20 Publicada por la Facultad de Ciencia Política y Relaciones Internacionales rá sobre la Revista de Derecho Internacional y Ciencias Diplomáticas, publicada desde el Instituto de Derecho Internacional Manuel Antelo y las publicaciones que sirvieron de plataforma para el desarrollo de los estudios y debates sobre lo internacional. Finally, the conclusions derived from the analysis will be offered Key words: Diplomacy International Relations Field History Introducción A medida que se abría el campo de debate académico y político sobre lo internacional, la práctica diplomática así como sus fundamentos conceptuales fueron ganando vigor más allá de la concepción institucional que el derecho había marcado en los primeros pasos de la disciplina de las Relaciones Internacionales1 en sus inicios Deciancio, 2016. Este trabajo se propone indagar acerca de la historia de construcción del campo de las Relaciones Internacionales en Argentina, con especial foco en la relevancia que adquiere la Facultad de Ciencias Económicas, Comerciales y Políticas de Rosario en el período que va desde su creación en 1923 como parte de la 1 Se hace referencia a las relaciones internacionales con minúscula al referirse a los vínculos de un país, o miembro de ese país, con otro. Relaciones Internacionales, en cambio, Universidad Nacional del Litoral UNL, para luego pasar a formar parte de la Universidad Nacional de Rosario UNR como epicentro del desarrollo del campo en el país. Para ello se indagará, en primer lugar, la relevancia que adquirió la diplomacia, en tanto práctica y estudio, en la conformación de un pensamiento sobre lo internacional.","0",""
"T2-0111","10022951.txt","En cuanto a la investigación, habría que mejorar en algunos aspectos, como que sería necesario estudios más específicos, temas más concretos no tan globales de la fisioterapia respiratoria y más técnicas manuales en vez de instrumentales y ventilación mecánica. Esta revisión estuvo limitada por la dificultad para obtener un número mayor de estudios con suficiente calidad metodológica ya que hay poca evidencia científica sobre ello, ya que la ELA es una enfermedad con una incidencia baja de pacientes que lo padecen. Sin embargo, cabe consignar que las conclusiones aportadas por nuestra revisión fueron realizadas en función de los artículos localizados por nuestra estrategia de búsqueda y seleccionados bajo nuestros criterios de elegibilidad. Para concluir, los estudios de esta revisión son todavía insuficientes para extraer conclusiones definitivas por eso creo que tendría que haber más evidencia científica e investigar más sobre esta patología, como actúa y efectos positivos que tiene la fisioterapia respiratoria en ella, ya que cada día se extiende por todo el mundo con gran fuerza mediática, aunque sabemos que sigue siendo una enfermedad sin tratamiento curativo, pretendemos con la fisioterapia respiratoria una serie de retos principales, como 37 son prolongar la independencia de los pacientes, prevenir complicaciones y mejorar su calidad de vida. 38 6. BIBLIOGRAFÍA 1. Pérez C, Contreras E, Marco G, Botella L. Fundación Diógenes; fundación para la investigación de la esclerosis lateral amiotrófica. Diputación. España; 2008. 137. 2. Arpa J, Enseñat A, García A, Gastón I, Guerrero A, Juan FJ, et al. Guía para la atención de la esclerosis lateral amiotrófica ELA en España.","1",""
"T2-0112","100253723.txt","Justamente, en ese punto los autores establecen una relación directa entre la escasa incidencia de la gripe española en la ciudad más habitada, Buenos Aires, y el olvido de esta pandemia en términos médicos y académicos. El siguiente capítulo, titulado La gripe en perspectiva médica, se centra en los numerosos debates y tensiones existentes en la ciencia médica local en torno a la epidemiología, fisiopatología, etiología y tratamiento de la gripe española, incluso junto con otras afecciones de carácter mental, mientras ésta se encontraba en pleno apogeo e incluso luego de su desaparición de la geografía nacional. A partir de un exhaustivo aporte, que le brinda una gran solidez teórica a la obra mediante artículos y conferencias disponibles en publicaciones científicas, los autores constatan que se trató más bien de una enfermedad generadora de múltiples incógnitas en la comunidad médica, lo cual propició el surgimiento de numerosos y poco efectivos tratamientos para combatirla. Justamente, el tercer capítulo, titulado Ofrecimiento de productos y publicidad, invita al lector a comprender las novedosas dinámicas de oferta y circulación de productos destinados a prevenir o curar la gripe. En este sentido, establecen una relación particularmente interesante ya que el momento de crisis epidemiológica se transformó en una coyuntura clave para que comerciantes y fabricantes, mediante publicidades por demás variadas, ofreciesen productos de escaso consumo hasta ese momento, potenciados por el temor de la población ante el aparente desconcierto de las políticas públicas y la ciencia médica para contener el avance de la enfermedad. El cuarto capítulo, La gripe en imágenes y sus representaciones, se adentra en el campo de la dimensión cultural y las representaciones colectivas, a partir de un exhaustivo análisis de las estrategias gráficas de la revista Caras y Caretas, entendida como uno de los medios de comunicación más influyentes en gran parte de la población durante los años del Centenario.","1",""
"T2-0113","10170761.txt","Desde mediados de los años 70, la visión de alternativas posibles se refuerza con el inicio de estudios comparativos y de programas regionales, como por ejemplo el PREDE asociados a la OEA o el Proyecto Principal de Educación asociados con la UNESCO. En estos proyectos los planificadores tuvieron la posibilidad de encontrarse, comparar posturas, modelos, estrategias y resultados. En definitiva, la posibilidad de identificar soluciones alternativas a problemas similares. Es, sin embargo, interesante notar que en este período se empieza ya a introducir nuevos elementos como lo eran por ejemplo los resultados de investigación ligados a la planificación. Desde el punto de vista metodológico, en la toma de decisiones sobre opciones y proyectos alternativos predomina el criterio tecnocrático del análisis costo beneficio. 2. 2. 3. La visión estratégica Si se concibe un escenario o un futuro deseado, para llegar a él es necesario dotarse de normas que puedan llevar a ese lugar, es decir, normas que permitan relacionar la organización con el entorno. Pero la estrategia posee tanto un carácter estratégico normas como táctico los medios para alcanzar lo que se desea. La gestión estratégica consiste en la capacidad de articular los recursos que posee una organización: humana, técnica, material y financiera, Ansoff, 1976. 20 La crisis de los años 80 no hace sino acentuar esta tendencia que vincula las consideraciones económicas a la planificación y la gestión, consideraciones que estaban ausentes en la década de los 60. Ya no estamos en una situación como a inicios de los años 70 en los cuales la planificación tendía a operar en un vacío social, el esfuerzo comparativo y la escasez de recursos permiten asociar este período con una etapa de consideraciones estratégicas, es decir, una forma de hacer emerger una organización a través de una identidad institucional análisis de tipo FODA que pone en relieve la misión, la visión, las fortalezas, debilidades, oportunidades y amenazas.","1",""
"T2-0114","10086618.txt","Magyari-Beck, 2009: 50 2 El famoso personaje de Mark Twain consiguió convencer a sus amigos alguna vez, que pintar la valla con lo que le habían castigado por sus travesuras es una verdadera diversión, para que lo hagan ellos en vez de ir a bañarse al río. De allí la hipótesis del efecto Tom Sawyer, es decir, que podemos lograr que una persona pague por el trabajo que hace, y además, que este trabajo sea considerado por él como diversión, y viceversa, si pagan por nuestro hobby, esto parecerá trabajo. Garai distingue a este último denominando como el efecto Puskás, por las palabras del futbolista: Gran dinero: gran fútbol, poco dinero: poco fútbol! Garai, 2003: 33-35 18 Para responder a esto, el economista debe contestar primero al dilema de si la economía es una ciencia descriptiva o normativa. Daniel Kahneman y Amos Tversky 1987 afirman que la teoría de la utilidad esperada en el caso de decisiones bajo riesgo se ha aceptado como un modelo normativo de la elección racional; y como modelo descriptivo ha sido aplicada ampliamente a la conducta económica. Por eso, estos autores, desde la perspectiva de la psicología cognitiva, apuntan a describir una serie de problemas donde los sujetos violan sistemáticamente los axiomas de la teoría para demostrar que ésta no es un modelo descriptivo adecuado. Kahneman-Tversky, 1987: 95-96 El concepto del hombre económico, como señalan Quintanilla y Bonavía, ha funcionado y funciona como profecía autocumplida. Esto es, se establece un modelo apriorístico por el que se determinan, previamente, aquellas conductas que deben realizar los ciudadanos para obtener el máximo beneficio con el mínimo esfuerzo.","1",""
"T2-0115","10081876.txt","Se contribuye al desarrollo de esta competencia mediante el ejercicio de destrezas como la comprensión oral y lectora, expresión oral y escrita de los conceptos estudiados y de los resultados de distintas actividades, así como la adquisición de vocabulario específico de los contenidos impartidos en la misma. También se ensayará mediante la búsqueda, análisis, selección y tratamiento de información a la hora de realizar determinadas actividades. b Competencia matemática y competencias básicas en ciencia y tecnología. Esta es la competencia más trabajada. Por un lado mediante el uso del razonamiento matemático necesario para la resolución de problemas vinculados a la determinación de la contribución de la emisión de distintos GEI al fenómeno del cambio climático, y por otro mediante el cálculo de cantidades de energía en distintas actividades. Todo ello interrelacionando con la emisión de determinadas cantidades por parte de una u otra fuente con la emisión o ausencia de la misma de cantidades de GEI, mediante el cálculo de la huella de carbono de distintas actividades, y el cálculo de otros modos de expresar estas magnitudes. También se desarrolla a través de la adquisición y comprensión de los distintos conceptos expuestos a lo largo de la misma, el modo en que se hallan interrelacionados. c Competencia digital. Se desarrollará mediante el empleo de las TIC, recursos audiovisuales y otros recursos informáticos. También se ensayará 28 mediante la búsqueda, análisis, selección y tratamiento de información a la hora de realizar determinadas actividades. d Aprender a aprender. Se contribuirá al desarrollo de esta competencia mediante la adquisición y uso de forma autónoma y reflexiva de estrategias de resolución, así como la adquisición de la capacidad para relacionar entre sí las distintas ideas y conceptos transmitidos.","1",""
"T2-0116","10049815.txt","4. de la Instrucción 5. 2.- I. C. Drenaje superficial, por la cual: Donde: L es la longitud del cauce principal en km. J es la pendiente media del cauce principal en mm. 2. 3. MÉTODO HIDROMETEOROLÓGICO Para el cálculo de los caudales de referencia se tienen en cuenta, de nuevo, las directrices marcadas por la Instrucción 5. 2.-I. C. Drenaje superficial. El método propuesto se basa en aplicar la intensidad media de la precipitación a la superficie de la cuenca, considerando su escorrentía. La precisión de este método disminuye conforme aumenta la superficie de la cuenca, siendo el tiempo de concentración de 6 horas el utilizado como límite para diferenciar las cuencas grandes de las pequeñas. El método considera como expresión para evaluar el caudal de cálculo la siguiente: Donde: Q es el caudal punta correspondiente a un periodo de retorno determinado m3s K es un coeficiente que depende de las unidades en que se expresen Q y A, y que incluye un aumento del 20 en Q para tener en cuenta el efecto de las puntas de precipitación. Su valor está dado por la tabla 2. 1. de la citada Instrucción de Drenaje Superficial y, para el caso particular de que el caudal esté expresado en m3s y el área en km2, su valor es 3. I es la intensidad media de precipitación mmh correspondiente al período de retorno considerado, y a un intervalo igual al tiempo de concentración Apartado 2. 3. de la Instrucción 5. 2.-IC. C es el coeficiente de escorrentía de la cuenca o superficie drenada.","0",""
"T2-0117","100253788.txt","Pasado Abierto. Revista del CEHis. No11. Mar del Plata. Enero-junio de 2020. ISSN No2451-6961. http:fh.mdp.edu.arrevistasindex.phppasadoabierto Reseña de Lida, Miranda 2019. Amado Alonso en la Argentina. Una historia global del Instituto de Filología 1927-1946. Bernal: Universidad Nacional Beatriz Figallo Instituto de Estudios Históricos, Económicos, Sociales e Internacionales, Consejo Nacional de Investigaciones Científicas y Técnicas, Nodo Instituto de Historia, Facultad de Derecho y Ciencias Sociales de Rosario, Universidad Católica, Argentina beatrizfigalloconicet.gov.ar Palabras claves: Amado Alonso, Universidad de Buenos Aires, filología Keywords: Amado Alonso, University of Buenos Aires, philology Después de consolidar una distinguida trayectoria como historiadora del catolicismo argentino, casi de un modo natural Miranda Lida fue virando el registro de su producción científica hacia la historia intelectual con sesgo transnacional. Ese derrame hacia temas en apariencia nuevos, contiene tanto su atención al pulso de la historia política, social y cultural de la Argentina, como su experiencia en el manejo de algunas de las múltiples interconexiones mundiales impulsadas por la Iglesia Católica es que podría decirse, como el especialista en historia del catolicismo francés Étienne Fouilloux y el internacionalista Robert Frank, que no hay historia del siglo XX sin la intromisión del hecho religioso. Munida de ese rico bagaje, distintos trabajos muestran esta deriva hacia ámbitos que, por razones familiares, le son muy cercanos, inscribiéndose también allí su atención al Instituto de Filología, fundado en 1922 en la Facultad de Filosofía y Letras de la Universidad de Buenos Aires. Condensado dicho haz de propicias circunstancias en este breve y delicioso libro centrado en la figura de quién fuera su director entre 1927 y 1946, el español Amado Alonso, la autora reconoce la directa relación con su anterior obra Años dorados de la cultura.","1",""
"T2-0118","10156933.txt","Y es precisamente ese concepto amplio de acciones de reintegración el que permite la creación de un sistema de protección para los acreedores, formado por el conjunto de diversas acciones que pueden ser ejercitadas ante el juez del concurso, cada una de ellas con sus propias características. Los requisitos para el ejercicio de la acción son conforme establece la Ley el perjuicio para la masa y que el acto de disposición patrimonial que quiere ser impugnado haya sido realizado por el deudor dentro del denominado periodo sospechoso, es decir, los dos años anteriores a la declaración del concurso. El concepto de perjuicio relativo a la rescisoria concursal contenido en el artículo 226 de la LC se ha descrito como una pérdida injustificada de bienes o derechos que forman parte de la masa activa o actos que vulneren la par conditio creditorum, no obstante, como bien defiende Huelmo Regueiro en la conclusión de su tesis, la anterior redacción de la Ley no hacía referencia a este principio de derecho concursal y fueron la doctrina y jurisprudencia las encargadas de la interpretación del artículo de manera que se incluyen dichos actos. La nueva redacción de la LC tampoco ha incluido una referencia a la par conditio creditorum y a pesar de ser una materia que en principio no es discutida, sería interesante que en próximas redacciones se incluyera dicho supuesto de forma explícita. La ausencia de una definición precisa del concepto de perjuicio ha conducido inevitablemente al legislador al establecimiento de presunciones del perjuicio, que como desarrollamos en el quinto apartado se dividen en dos grupos: iuris et de iure y iuris tantum.","1",""
"T2-0119","100253716.txt","Traductor Diego Fonti CONICET, Universidad Católica de Córdoba, Argentina. Comité editorial Carlos Martínez Ruiz Universidad Católica de Córdoba - Universidad Nacional de Córdoba, Argentina. Silvia Anderlini Universidad Católica de Córdoba - Universidad Nacional de Córdoba, Argentina. José María Bompadre Universidad Católica de Córdoba - Universidad Nacional de Córdoba Instituto de Culturas Aborígenes, Argentina. Patricia Scherman Universidad Católica de Córdoba - Universidad Nacional de Córdoba, Argentina. Carlos Asselborn Universidad Católica de Córdoba, Argentina. Comité académico Nancy Bedford Garrett-Evangelical Theological Seminary, USA; e Instituto Universitario ISEDET, Argentina; Horacio Cerutti Universidad Nacional Autónoma de México, México; Rogelio De La Mora V. Universidad Veracruzana, México; Carlos Domínguez Morano Facultad de Teología de Granada, España; Diego Fonti CONICET, Universidad Católica de Córdoba, Argentina; Francesca Gargallo Universidad Autónoma de la Ciudad de México, México; Noemí Girbal CEAR. Universidad Nacional de Quilmes, Argentina; Marcelo González Universidad Nacional de San Martín, Argentina; Francis Gonsalves Vidyajyoti College, India; Michael Lwy Directeur de Recherche émérite du CNRS, Francia; Eduardo Mattio Universidad Nacional de Córdoba, Argentina; Martín Morales Pontificia Universidad Gregoriana, Italia; Beatriz Moreyra CONICET, Universidad Nacional de Córdoba, Universidad Católica de Córdoba, Argentina; Guillermo Nieva Ocampo Universidad Nacional de Salta, Argentina; Gustavo Ortiz Universidad Católica de Córdoba, Argentina ; Lila Perren Universidad Católica de Córdoba, Argentina; Germán Plasencia Colegio de Saberes, México; Pablo Quintanilla Pontificia Universidad Católica del Perú, Perú; Eugenio Rubiolo Universidad Católica de Córdoba, Argentina; Aaron Saal Universidad Nacional de Córdoba, Argentina; Héctor Samour Universidad de Centroamérica José Simeón Cañas, El Salvador; Arturo Sandiano Universidad Católica de Córdoba, Argentina; Carlos Schickendantz Universidad Alberto Hurtado, Chile; Daniel Vera Universidad Nacional de Córdoba.","0",""
"T2-0120","10171510.txt","Tabla 8. Oxígeno disuelto al finalizar el experimento aerobio Muestra Oxígeno disuelto mgL 1 0, 9 2 0, 8 3 0, 5 4 0, 6 5 0, 7 6 0, 8 Se realizaron mediciones de pH para cada una de las muestras, al finalizar los experimentos. En la Tabla 9 se observa que si bien los resultados demuestran que hay una diminución en el pH, por la formación de ácido carbónico, pero debido a que los volúmenes producidos de CO2 son bajos, los pH finales no se consideran ácidos, y se encuentran dentro de los valores apropiados en procesos biológicos, para el sostenimiento de la población microbiana. Es importante resaltar que el CO2 está asociado a las actividades de fotosíntesis, respiración, y junto con el calcio, se integra en el sistema carbonato, jugando un papel clave en la estabilización del pH del agua en los ecosistemas acuáticos 14. Tabla 9. pH inicial y final del experimento aerobio Muestra pH inicial pH final 1 8, 800 7, 036 2 6, 646 3 6, 789 4 6, 600 7, 010 5 7, 220 6 7, 310 3. 2. 1 Tasas de emisión Para todas las muestras se obtuvo un valor de pendiente bajo, esto se evidenció con los bajos volúmenes de CO2 medidos en el cromatógrafo. En la Tabla 10, se observa que las tasas de emisión expresadas en Kgt.año, presentaron valores pequeños comparados con las emisiones obtenidas para las muestras bajo condiciones anaerobias, indicando que la cantidad de dióxido de carbono producido por cada tonelada de material vegetal en el embalse, en un año, no es lo suficientemente significativa, esto se puede explicar debido a que en el experimento la cantidad de oxígeno disuelto no era suficientemente significativa, para que continuara la degradación de la materia orgánica en la botella, y se logrará un valor de emisión más alto. .","1",""
"T2-0121","100103900.txt","Actualmente Director de Relaciones Interinstitucionales de las Unidades Tecnológicas de Santander. Correo electrónico: miguelsazhotmail.com Pa no ra m a Pa no ra m a Theoretical approach to political responsibility: A review from the necessary horizontal control between the executive and legislative Planteamiento Las sociedades contemporáneas deben asumir a diario el compromiso de consolidarse como proyectos colectivos viables frente a los retos y desafíos de la civilización presente. Uno de estos retos consiste en revisar y corregir los errores institucionales y prácticos que se vienen presentando en el Estado actual, con relación a la exigencia eficaz de responsabilidades políticas a quienes ejercen potestades delegadas de gobierno. No son pocos los sucesos actuales que detallan la crisis institucional de varios estados hispanoamericanos donde se evidencian acciones y omisiones de quienes gobiernan, y que se ven enmarcadas en la irresponsabilidad y el mal gobierno, haciendo sentir a las sociedades en muchas ocasiones, impotentes ante los hechos que se revelan, bien sea porque en algunas oportunidades los sistemas políticos y de gobierno sobrecargan de procedimientos y formalismos las herramientas de control, o porque los actores llamados a exigir responsabilidades políticas prefieren no hacerlo. Realizar un acercamiento teórico sobre la materia, es fundamental para entender las razones que facilitan o dificultan la realización de eficaces exigencias de responsabilidad política a quienes deben responder y a quienes deben realizar el control desde la relación horizontal entre ejecutivo y legislativo, por lo que me propongo exponer en algunas líneas, los apartes más relevantes que teóricamente se han presentado política y jurídicamente.","1",""
"T2-0122","10097370.txt","En estas vías anatómicas se establece una organización jerárquica de cuatro niveles que controla las funciones intestinales. El primer nivel es el SNE, incluyendo los ganglios mientéricos, ganglios submucosos y células gliales intestinales. El segundo nivel son los ganglios paravertebrales que regulan las respuestas viscerales periféricas. El tercer nivel es el SNA simpático, cuyas neuronas preganglionares se localizan en la medula espinal desde los segmentos T5 a L2 y el SNA parasimpático cuyas neuronas preganglionares provienen de la región sacra de los segmentos S2 a S4 y del par craneal X o nervio vago. El cuarto nivel son los núcleos cerebrales superiores. La información de la corteza cerebral y los ganglios basales llega a los núcleos del tronco cerebral incluido el núcleo dorsal del nervio vago. Las vías aferentes llegan al núcleo del tracto solitario que proyecta al tálamo, sistema límbico y la corteza insular a través del núcleo parabraquial. Las fibras aferentes espinales a través del tracto espinotalámico llegan al tálamo y a través del tracto espinal llegan a los núcleos grácil y cuneatus de la médula oblongada que se proyectarán a través de la vía lemnisco medial al tálamo. Finalmente, desde el tálamo salen proyecciones a las áreas sensoriomotoras primarias y a la corteza insular 17. La comunicación neural directa entre la microbiota y el cerebro se realiza a través del nervio vago. Las bacterias estimulan las neuronas aferentes del sistema nervioso entérico del intestino. Esta estimulación media la activación de la respuesta antinflamatoria previniendo así episodios de septicemia causada por estos microorganismos y favoreciendo a un efecto antinflamatorio mediante la activación vagal 35, 37.","0",""
"T2-0123","10008596.txt","Key words: Port spaces, coastal heritage, urban tourism, urban growth pressureEste trabajo trata de plantear una reflexión inicial sobre las actuaciones, conflictos y consecuencias potenciales delas intervenciones que han empezado a llevarse a cabo y de las previstas para los próximo años, en las áreasportuarias históricas de la ciudad de Santander, así como sobre las estrategias de los agentes implicados. Con ellopretendemos colaborar en un análisis más amplio sobre los actuales mecanismos de transformación y de apropiaciónprivada de suelo público, que de forma bastante similar, están teniendo lugar en diversos puertos españoles. Para esta breve reflexión, en primer término, establecemos una síntesis de la conformación histórica de los espaciosportuarios santanderinos. En segundo lugar, esbozamos los principales proyectos actuales de transformación delfrente marítimo portuario. Finalmente, acabamos concluyendo con algunos planteamientos más generales relativos alas implicaciones posibles de esta reordenación. Reordenar sin mirar atrásLos precedentes históricos: actividad portuaria, ensanches y paseos marítimos. La paulatinaconformación de un patrimonio públicoComo en muchas otras ciudades portuarias, la evolución histórica, la morfología y la identidad urbana de Santanderse hallan fuertemente vinculadas a sus espacios de borde marítimo y en particular, a la bahía y al puerto. La propiaexpansión de Santander como ciudad se fundamenta, desde finales del siglo XVIII, en la incorporación sucesiva deterrenos llanos ganados a la bahía a base de rellenos. Asimismo, al igual que en otras ciudades litorales españolasdonde a lo largo del siglo XIX se produce un incremento de actividades y de espacios portuarios, en Santander,determinados espacios públicos actuales, como los representativos paseo y jardines de Pereda, surgieron porcoincidir en sus proximidades dos atractivos esenciales: el paisaje espectacular del entorno de la bahía, por un lado yel laborioso y animado tráfico portuario, por otro.","0",""
"T2-0124","100253395.txt","Nos parece interesante, en este sentido, explorar las alternativas que en otros países se han puesto en práctica para hacer frente, entre otros, a dichos desafíos. Tal es el caso de España, que pretendemos presentar a continuación mediante un artículo del Dr. Rodríguez-Arana Muñoz. En este escrito, se plantea una revalorización del espacio local, como el ámbito propio de intercambio entre gobierno y sociedad, en el cual se puede dar cabida a los problemas reales y urgentes de la población de una manera más directa y efectiva. De este modo, se legitiman las aciones del estado, en tanto los gobiernos consiguen dar respuesta a los problemas concretos y específicos del ciudadano al cual representan. Se debe entonces centrar la atención en el espacio local, porque constituye la instancia de gestión por autonomasia, la más adecuada para lograr la participación efectiva del ciudadano, imprescindible para el sostenimiento de las instituciones democráticas. En este sentido, el artículo sostiene que es fundamental la descentralización de la administración pública, siendo los entes locales los encargados de establecer un contacto directo con el ciudadano, fundamentalmente a través de la gestión de los servicios públicos, de acuerdo con el principio de subsidiariedad. Por otra parte, se posibilita a la vez una mejor distribución del gasto y la inversión, realizándose una desconcentración desde el Estado hacia las Comunidades Autónomas y las Corporaciones Locales. En síntesis, con la presentación del artículo del Dr. Rodríguez-Arana Muñoz, pretendemos mostrar un caso en que, a partir de la modificación de ciertas estructuras gubernamentales, se logra desarrollar un sistema de mayor participación democrática, responsabilidad ciudadana y eficiencia en la asignación de los recursos.","1",""
"T2-0125","100253874.txt","Una reflexión sobre los periódicos para niñas, la prensa ilustrada n el editorial inaugural a la tercera época del periódico el Correo de las Niñas. Seminario del domingo dedicado al bello sexo, la redacción denuncia que hacia 1872 una peligrosa enfermedad que la crítica llamó con justicia la periódico-manía infectó Buenos Aires Correo de las Niñas o CdlN, III época, N 1, 9 de julio de 1876, 1 Existió tal periódico-manía diez años antes que la fecha que la bibliografía acepta como el inicio del mercado editorial moderno en el país? O el diagnóstico es una exageración propia del estilo hiperbólico de los redactores decimonónicos? En este artículo, que se desprende de la investigación realizada para una tesis doctoral, ensayaremos una respuesta para estas preguntas. Para ello, primero, nos detendremos en la década de 1860, particularmente en el rol de las publicaciones semanales y la litografía durante el decenio. Segundo, destacaremos al Correo de las Niñas, un periódico que se mantuvo en prensa intermitentemente por más de una década desde 1868. La publicación, poco estudiada hasta el momento, combinó una serie de recursos editoriales innovadores orientados a la lectura por entretenimiento para convertirse en el primer título orientado al bello sexo que alcanzó éxito comercial. Tercero y último, exploraremos cómo ese semanario no fue un caso aislado, sino solo el más destacado entre la serie de publicaciones para un lectorado feminizado que protagonizó la periódico-manía. La década de 1860 como parteaguas en la historia de la prensa periódica porteña La bibliografía reciente sobre la historia del impreso y la lectura en Buenos Aires y Argentina se caracteriza por una concentración cronológica en las postrimerías de la centuria Pas, Literatura, prensa 7.","0",""
"T2-0126","10157182.txt","El trabajo aportará una visión tanto de la forma y actividad de la plataforma como de la intrusión de este fenómeno desde las distintas partes relacionadas dentro del ámbito turístico local. Esto resulta de gran interés, ya que son las ciudades con gran afluencia turística las que más sufren la incorporación del turismo colaborativo, y por lo tanto se debe tomar como ejemplo a fin de poder gestionar de manera adecuada la irrupción de plataformas como Airbnb. Es por ello que este trabajo despierta un gran interés para la ciudad de Santander y sobretodo de la infraestructura turística tradicional, ya que esta corre el riesgo de seguir los pasos de sus predecesores Barcelona, Madrid, Málaga.... 1 Una compañía de arranque, compañía incipiente o, simplemente, compañía emergente, es un término utilizado actualmente en el mundo empresarial el cual busca arrancar, emprender o montar un nuevo negocio y hace referencia a ideas de negocios que están empezando o están en construcción, es decir son empresas emergentes apoyadas en la tecnología. Son ideas que innovan el mercado y buscan hacer de los procesos complicados más fáciles de realizar, estas van enfocadas a diferentes temas y usos. Generalmente son empresas asociadas a la innovación, al desarrollo de tecnologías, al diseño web o desarrollo web; son empresas de capital-riesgo. 7 1. 2. Objetivos: El objetivo principal del trabajo es dar a conocer la realidad sobre la presencia de Airbnb en la ciudad de Santander junto con las consecuencias que causa el consumo colaborativo en el sector turístico.","1",""
"T2-0127","100254641.txt",", The Politics of Space and Body. Reforming Practical Theology, International Academy of Practical Theology Conference Series IAPT. CS, 1, 20-28. cuestión de la voluntad. El segundo discurso considera que el abuso sexual infantil se debe al contexto de decadencia moral. Es importante por ello superarlos con una visión sistémica del tema. Palabras clave: abuso sexual infantil, iglesia católica, discursos sociales, enfoque de víctimas primero. Introducción En décadas recientes el abuso sexual se ha discutido ampliamente en la iglesia católica así como también en la sociedad en su conjunto. Los discursos dominantes en la sociedad se ocupaban previamente más de los perpetradores que de las víctimas. Pero recientemente se ha dado un cambio importante de paradigma: las víctimas han dado un paso al frente dando testimonio de cómo el abuso ha arruinado sus vidas y exigiendo justicia. Esto ha resultado en una aproximación de víctimas primero. Este texto es una contribución para comprender el cambio del enfoque desde el que se centraba en los perpetradores y negaba las voces de las víctimas, incluso al punto de poner a las víctimas como delincuentes sexuales responsables de su abuso, a una perspectiva de las víctimas primero. La iglesia católica ha sido fuertemente influenciada por los principales discursos en la sociedad que le dan poder a los psiquiatras, terapeutas y trabajadores sociales. Sin embargo, frente a la cuestión del abuso sexual clerical en la iglesia se pueden identificar dos discursos distintos. En el primero, el pecado se considera causa del abuso, reduciéndolo a una cuestión de la voluntad.","0",""
"T2-0128","100252368.txt","Analizarla en perspectiva permite destacar algunos de sus trazos fundamentales que tal vez se pueden haber convertido en políticas de estado, suavizar sus aristas más filosas y, por qué no, advertir algunos logros que -a pesar de la LES- se han alcanzado con el tiempo. En este artículo se pondrá el foco en las políticas universitarias nacionales desplegadas a partir de la sanción de la LES, prestando especial atención a las lógicas y los dispositivos que han permanecido y sobrevivido a los cambios de gobierno, aquellos que han emergido como novedosos y otros que han tenido una vida más efímera. Para ello, se realiza un análisis de los textos normativos y los instrumentos de política educativa implementados desde la década de 1990 -contexto de reforma en el que se sanciona la LES- hasta la actualidad. Dicho análisis documental se triangula con los aportes de la literatura especializada y resultados obtenidos a partir de la participación en proyectos grupales de investigación1. Consideraciones sobre el escenario de las políticas universitarias en las últimas décadas Las políticas de los noventa supusieron la revisión de la relación entre la sociedad y la educación superior, en particular las universidades. Puesta en cuestión esa relación, se ensayó -a impulso de las recomendaciones de los organismos internacionales y sus intelectuales orgánicos- un vínculo distinto para intentar renovar la confianza entre el Estado, las universidades y la sociedad, a manera de nuevo contrato. La LES ha representado un punto de inflexión para la vida universitaria. Su impronta ideológica y política la inscriben en un movimiento antireformista, fundamentalmente por haber habilitado el arancelamiento de los estudios universitarios y por limitar la participación estudiantil y el cogobierno arts.","0",""
"T2-0129","10050389.txt","From the very beginning it relied upon the support of a large part of the highland community within the region of Cantabria, predominantly the rural gentry, as well as other people of importance and among those, its founders. Adding to this a stringent administration of assets that served to strengthen its economic base, it, unsurprisingly in the mid XVIII century, grew to be a fully expanding institution, cut short only by its expulsion. Key words: Jesuits; Old Regime; Santander; Standard of Living; Patrimony. Cómo citar este artículo citation: Sánchez Gómez, M. Á. 2018. El colegio de jesuitas de Santander. Vida material y patri-monio. Hispania Sacra 70, 142: 585-599. https:doi.org10. 3989hs. 2018. 040RecibidoReceived 09-11-2016AceptadoAccepted 18-01-20171El 2 de mayo de 1767, un mes más tarde de decretarse la Pragmática de expulsión de los jesuitas, un pequeño grupo de personas entró en la sacristía de la iglesia del extinguido Colegio de jesuitas de Santander con la misión de entregar al Ministro de Marina del puerto José de Colosía los Calizes y demas Alhaxas y vestiduras Sagradas, cruzes, misales, Aras, Frontales y todo lo correspondiente para formación de Altar a fin de.... El propósito era entregar a los jesuitas expulsos lo necesario para decir misa en las embarcaciones que deven conducir a dichos Religiosos.... 21 sanchemaunican.es ORCID iD: http:orcid.org0000-0002- 8940-62712 Archivo Histórico Provincial de Cantabria. A partir de ahora A. H. P. C.. Sección Centro de Estudios Montañeses. A partir de ahora C. E. M.. Libro 53. Inventario de los bienes, alhajas, papeles, muebles que poseían los Regulares de la Compañía de Jesús de Santander el día de su extrañamiento, fols.","0",""
"T2-0130","100098542.txt","Hipótesis: Los orujos vitivinícolas poseen concentraciones de compuestos bioactivos que los hacen aptos para ser empleados como insumos de otras industrias. Objetivo: Determinar los contenidos de carotenoides y fenoles y la capacidad antioxidante de orujos Malbec, Cabernet Sauvignon y Merlot de Luján de Cuyo Mendoza. Determinación de carotenoides, compuestos fenólicos y capacidad antioxidante en subproductos enológicos Jofré, Viviana1, 2; Assof, Mariela1, 2; Fanzone, Martín1, 2,; Andino, Germán1; Santos, Leonel1; Cantoro-Fernandez, Eliana1 1 Universidad Juan Agustín Maza. Mendoza, Argentina. 2 Instituto Nacional de Tecnología Agropecuaria, Laboratorio de Aromas y Sustancias Naturales. Mendoza, Argentina. Metodología: 2 kg de orujos Malbec y Cabernet Sauvignon y Merlot se obtuvieron de la vinificación de esos cepajes en la Bodega Experimental INTA. Las muestras se procesaron, secaron 60C, 3 h, se separaron hollejos h y semillas s. Cada fracción se pulverizó 1mm. Los compuestos bioactivos se extrajeron por microextracción sólido-líquido asistida por ultrasonido empleando etanol y hexano como solventes. Los carotenoides totales CT se evaluaron por espectrofotometría a 450 nm; y los fenoles totales FT, por el método de Folin-Ciocalteu. La capacidad antioxidante se determinó por el método de Brand- Wiiliams y se expresó como actividad porcentual de depuración de radicales-libres FRSA. Estudios estadísticos: ANOVA Tuckey-HSD, 0. 05. Cepaje CT ggmuestra seca FT mggmuestra seca FRSA Orujos: carotenoides totales, fenoles totales y capacidad antioxidante Valores promedios n3; desviación estandar entre paréntesis. Cepaje: MB Malbec; CS Cabernet Sauvignon; MT Merlot Resultados: En hollejos no hubo diferencias significativas en CT, FT y FRSA entre cepajes. En semillas, CT fue diferente entre los 3 cepajes, FT-MB se diferenció de las otras y FRSA no presentó diferencias entre MB y MT.","0",""
"T2-0131","10022509.txt","RESULTADOS. Este trabajo revela las nu-merosas y complejas fortalezas y debilidades del docente y la evaluación de sus principios de procedimiento a través de las diferentes fases de un ciclo de investigación-acción colaborativa planificación, acción y reflexión, revelando aspectos relevantes susceptibles de mejora fijar unas normas de intervención en el aula, promover más la participación del alumnado, saber cor-tar debates a tiempo, etc.. DISCUSIÓN. Es posible destacar el enorme potencial de la revisión autocrítica para la mejora del desarrollo profesional docente, pudiendo la misma ser de utilidad a gran número de docentes noveles que entienden que la interacción en el aula es relevante y necesaria y les gustaría que sus clases fuesen más allá de las lecciones magistrales, propiciando el diálogo y la interacción en el aula. Palabras clave: Desarrollo profesional, Autoevaluación, Interacción verbal, Investigación-acción. Gaizka Hernández y Carmen Álvarez-Álvarez74 Bordón 70 4, 2018, 73-87, ISSN: 0210-5934, e-ISSN: 2340-6577Marco teórico En todo proceso de enseñanza-aprendizaje la interacción entre el profesorado y el alumnado desempeña un papel fundamental en la promo-ción del aprendizaje y la mejora de las relacio-nes de convivencia en las aulas porque humani-za las relaciones y potencia la comunicación pedagógica De Longhi, Ferreyra y Peme, 2012; Tlhoaele, Hofman y Winnips, 2014; Ingram y Elliott, 2014; Haneda, Teemant y Sherman, 2016. Sin embargo, las prácticas docentes interactivas se emplean con carácter puntual y su uso no es dominante en ningún nivel del sistema educati-vo Scott, Mortimer y Aguiar, 2006. Ante esto, es necesario superar el modelo comunicativo unidireccional en el que el profesor es el depo-sitario del saber para apostar por fórmulas de trabajo interactivas en las que el alumnado pue-da compartir lo comprendido, sus dificultades, sus inquietudes, participando en el proceso de construcción del conocimiento De Longhi, Fe-rreyra y Peme, 2012; Ingram y Elliott, 2014; Álvarez, 2016, así como vías para que el profe-sorado comparta sus estrategias docentes de interacción Haneda, Teemant y Sherman, 2016; Willegems, Consuegra, Struyven y Engels, 2017; Stockero, Rupnow y Pascoe, 2017.","0",""
"T2-0132","100104097.txt","Sumario El siguiente artículo de reflexión puede leerse inicialmente teniendo en cuenta la parte introductoria sobre el Estado educador versus el Estado seductor, siguiendo con la presentación de cuatro apuestas teóricas importantes, que son: Primera apuesta teórica: Pensar Qué es la Política?, que analiza el concepto y permite entender posturas diversas, desde diferentes autores y bajo la redimensión del mismo; Segunda apuesta teórica: Cuáles son los retos del presente?, donde se analizan los fenómenos políticos, económicos y sociales que permean la realidad política presente, de cara al diseño de un nuevo marco socio-humanístico que permita su comprensión; Tercera apuesta teórica: Cómo re-dimensionar la política desde la perspectiva Bio-política?, reflexión teóricoconceptual, que permite re-dimensionar la política desde el paradigma que explica ampliamente las tecnologías del poder, ahora, dispositivos agenciadores del nuevo proceso de emergencia de sujetos complejos, sociales, políticos e históricos; Cuarta apuesta teórica: Pensar la Educación Política; donde se analizan los dispositivos heurísticos comunes anteriormente presentados, a la luz de re-crear un nuevo concepto de educación política, inclusivo, plural, diverso y múltiple, donde se dignifique la vida como valor más importante. Resumen El objetivo de este artículo es construir un nuevo concepto de educación política, desde una perspectiva bio-política contemporánea que se re-crea, esperando ser una iniciativa que propicie la discusión sobre las formas de ser y educar sobre lo político-público, no esperando herramientas políticas en curso, sino un interesante tejido conceptual que asume con criterio el contexto político e histórico mundial, que hacen posible la construcción de espacios y proyectos de educación en contextos democráticos, pacíficos e incluyentes.","0",""
"T2-0133","10061662.txt","Los datos de swash fueron entonces contrastados con distintos parámetros de forma de la playa y de energía de ondas. Por fin, se presenta un nuevo abordaje en el que se incluyen características del perfil de la playa. RESULTADOS La forma de los perfiles y la cantidad de energía infragravitatoria medida por los sensores de ondas indican características de diferentes estados morfodinámicos figura 1. El perfil 1 P1 se presentó menos extenso y con grande pendiente, el perfil 2 P2 presentó larga extensión y bajos valores de pendiente y, por fin, el tercer perfil P3 se presentó extenso y con una barra que le confirió un carácter más disipativo que los demás. La cantidad de energía verificada en la banda de infragravedad crece del perfil reflejante hacia el más disipativo. La forma del espectro del swash se presenta de acuerdo a estos resultados ya que un pico pronunciado en las altas frecuencias f0. 05 Hz indican características reflejantes en P1, y la predominancia de energía en la banda de infragravedad indica estados más disipativos en los otros dos. Figura 1. Topografía derecha, espectro de ondas centro y espectro del swash izquierda medidos en los tres perfiles. Los valores de la componente horizontal del swash infragravitatorio SigH Sigtanβ mostraron una buena correlación R20. 70 con respecto a una versión modificada del parámetro de Iribarren eq. 1, donde K es la pendiente de la regresión. El ajuste verificado supone una mejora en la parametrización del swash infragravitatorio si comparado con el cálculo realizado utilizando el modelo propuesto por Stockdon et al.","1",""
"T2-0134","100253812.txt","Pasado Abierto. Revista del CEHis. No11. Mar del Plata. Enero-junio 2020. ISSN No2451-6961. http:fh.mdp.edu.arrevistasindex.phppasadoabierto El encanto de la incógnita: la campaña presidencial de 1916 en Argentina según las revistas ilustradas Silvana A. Palermo Instituto de Ciencias, Consejo Nacional de Investigaciones Científicas y Técnicas, Universidad Nacional de General Sarmiento, Argentina palermosilvigmail.com Resumen Este artículo examina la cobertura de algunas de las revistas ilustradas de gran tirada, editadas en Buenos Aires, sobre la primera contienda presidencial bajo la nueva ley electoral de 1912. Procura contribuir a una historiografía que, en las últimas décadas, dedica una atención creciente al estudio de las campañas electorales. Argumenta que estos magazines devinieron un actor central en la construcción del sistema de democracia ampliada. Sus páginas no sólo testimoniaron los cambios introducidos por la normativa electoral, sino que, en buena medida, los provocaron, al aproximar la política electoral a un público amplio, independientemente de sus preferencias ideológicas o partidarias y de sus obligaciones cívicas. Así, estas revistas potenciaron el alcance de este acontecimiento y lo dotaron de su radical novedad. Palabras claves: campaña presidencial, política electoral, prensa popular, cultura política. The riddles appeal: the presidential campaign of 1916 in Argentina in the popular magazines El encanto de la incógnita: la campaña presidencial de 1916 en Argentina según las revistas ilustradas Introducción A mediados de marzo de 1916, en el tramo final de la primera campaña presidencial acaecida bajo la ley electoral de 1912, es decir mediante sufragio masculino universal, secreto y obligatorio, bajo padrón militar y con garantías de representación para la primera minoría, la revista semanal Caras y Caretas CyC ilustró en su tapa una máscara de carnaval investida con los atuendos presidenciales banda y bastón de mando- Imagen 1, con un colofón que rezaba: Despertó interés profundo, la máscara que aquí ves, que no se sabe quién es y ha embromado a todo el mundo.","0",""
"T2-0135","10079884.txt","38 Otro instrumento legal que puede servir de apoyo al Manifiesto, es el Real Decreto 3632017 de 8 de Abril39 por el que se establece un marco para la ordenación del espacio marítimo terrestre como aplicación de las exigencias establecidas en la Directiva 201489UE del Parlamento Europeo y del Consejo, de 23 de julio de 201440, cuya finalidad radica es fomentar el crecimiento sostenible de las economías marítimas, el desarrollo sostenible de los espacios marinos y el aprovechamiento sostenible de los recursos marinos. En la citada Directiva se estableció que los Estados miembros son responsables, entre otras cosas, de realizar una distribución del espacio marítimo entre las distintas actividades y usos respectivamente actividades de ocio y turismo entre las que se incluye el surf41 y para ello, están obligados a adoptar las disposiciones legales necesarias42. La finalidad principal de la ordenación del espacio marítimo es promover un desarrollo sostenible e identificar y gestionar los usos surf que se realizan sobre el mismo, y los conflictos obras, dragados que puedan surgir en las zonas marinas. Asimismo, el artículo 4 de la Ley 412010, de 29 de diciembre, establece que la planificación del medio marino por los poderes públicos se regirá mediante una 38 Manifiesto para la protección de las olas, p. 11. 39 Real Decreto 3632017, de 8 de abril, por el que se establece un marco para la ordenación del espacio marítimo. 40 Directiva 201489UE del Parlamento Europeo y del Consejo, de 23 de julio de 2014, por la que se establece un marco para la ordenación del espacio marítimo.","1",""
"T2-0136","100254055.txt","Un acercamiento narrativo a los pre-dictámenes y la defensa oral de tesis doctorales Revista de Educación pp. paulatinamente a su objeto de estudio, al quehacer del oficio del investigador, a las técnicas, instrumentos y perspectivas metodológicas de recuperación e interpretación de datos, sienta ese itinerario lleno de complejidades y avatares propios de la formación un poco más habitable Sanjurjo y Porta, 2016. Lo mismo sucede cuando el posgrado a cursar se despliega en la universidad de origen o el tesista debe viajar hacia otra universidad para poder cursarlo. El enriquecimiento que genera la formación en un posgrado extranjero o en otra universidad nacional es central en el crecimiento profesional del estudiante. Pero eso no deja de ser una complejidad más en la t ravesía emprendida. Complejidad que se traduce en aspectos logísticos, económicos y, en la relación con los directores externos a su ámbito cotidiano de trabajo. Podríamos continuar enumerando y describiendo diversos aspectos que definen los múltiples itinerarios doctorales. Pero siendo conscientes de los límites que ello implica, en este artículo buscamos profundizar una de las instancias claves de toda travesía en el posgrado: la evaluación de la tesis. Una instancia que en ocasiones se encuentra cargada de sentidos contradictorios y negativos. Quizá por la propia carga histórica punitiva de las prácticas evaluativas a lo largo del tiempo o por el solo hecho de exponer el trabajo frente a un jurado experto la evaluación de una tesis doctoral se vuelve una experiencia tensionante para muchos tesistas. A continuación lo que nos proponemos es enriquecer el campo de indagación sobre la formación doctoral alejándonos brevemente de las d imensiones descriptas al comienzo del escrito y situando la mirada en aquellas cuestiones que hacen a la evaluación de las tesis doctorales.","1",""
"T2-0137","100254550.txt","Estas interrelaciones no co nocen ninguna frontera entre países altamente desarrollados y países en vías de desarrollo, sino que son globales, totales. Nuestro tema abarca en este sentido la humanidad entera y la tarea de todos los que se dedican al trabajo de desarrollo es la siguiente: mejorar la calidad de vida para muchos de manera que no se haga insoportable para todos. Quisiera agradecer a la Universidad Católica, el haberme confiado las tres relaciones previstas en este campo y que me per mite tratar problemas que nos preocupan en nuestra vida profesio nal y personal. Antes de entrar en la materia debemos delimitar el marco en que se van a desarrollar las relaciones: 1. No es posible tratar un tema tan amplio y complejo en sólo tres reuniones. En consecuencia no podré presentar cuadros completos, sino que debo limitarme a analizar algunos de los pro blemas más graves o más importantes en las distintas áreas, acep tando así que no se abarca el campo en su totalidad. 2. No voy a referirme a las causas del subdesarrollo, es de cir, a acontecimientos y evoluciones del pasado que llevaron al es tado actual, sino que me dedicaré más bien a la situación actual y a las necesidades y posibilidades para el presente y el futuro. 3. Los puntos de vista en estas relaciones reflejan más bien posiciones europeas, más específicamente alemanas, que pueden tanto discrepar como coincidir con los puntos de vista latinoameri canos. Este hecho va a favorecer en último caso un diálogo más vivo y más comprometido.","0",""
"T2-0138","100254520.txt","Como hemos podido com probar por las Figuias 1 a 5, los reactores de potencia son instalaciones de gran tam año. Su costo unitario excede am pliam ente al m illar de francos Belgas es decir 8000 millones de pesos argentinos solamente para la caldera nuclear con todos sus accesorios, excluyendo al o los grupos turbo-alternadores que utilizan el vapor produ cido. Este prim er aspecto de los reactores nucleares es una de las razones por las cuales el costo de los program as de investigación y desarrollo es especialmente alto, o tra razón es la amplia gama de tecnologías a poner en acción. Algunas de estas son específicas a los reactores nucleaies, otras no lo son, pero su evolución ha sido influenciada en grados diversos por el desarrollo de los reactores nucleares. El ejemplo más relevante es el de los equipos pesados. La cubas de reactores dieron origen a nuevos problem as técnicos, debido a su forma, al hermetismo requerido para las junturas cuba-tapa, las múltiples penetra ciones entrada y salida del refrigerante, mecanismo para accionar las barras de control, etc. sus dimensiones y peso inusitado, y a la acción sobre sus paredes de las radiaciones salidas del núcleo. Para la solución de estos problemas, fueron necesarios im portantes program as de investigación y desarrollo principalmente en irradiaciones de materiales de base, clásicos o especialmente adaptados, en tensometría en soldaduras de gran espesor, en control no destructivo de materiales y soldaduras. Estos esfuerzos se continúan debido a la evolución de las dimensiones de las cubas de reactores, ilustrada por la figura 5 cubas de PW R. Problemas análogos debieron ser resueltos para los generadores de vapor y las bom bas prim arias, de los cuales las fig. 6 y 7 ilustran la evolución de características en el caso de reactores PW R. Pero es esencialmente sobre las tecnologías específicas a los reactores nucleares que ha incidido, y continúa a incidir el esfuerzo principa de investigación y desarrollo.","0",""
"T2-0139","10158985.txt","2 RESUMEN Mediante este proyecto se dará a conocer cuál es el significado de vía verde y su origen. Se hará una revisión de las vías verdes existentes en Cantabria. En esta comunidad se pueden encontrar vías no acondicionadas y vías acondicionadas, estas últimas son aquellas que presentan una serie de características: firme adecuado de la calzada, pueden acceder tanto personas con movilidad reducida como peatones y ciclistas... Entre las vías acondicionadas encontramos la Vía Verde del Pas y la Vía Verde del Piquillo. Las no acondicionadas son: la Vía Verde de Castro-Alén, la de Castro-Traslaviña y la del Pilugo. Debido a su mayor longitud respecto a las demás vías verdes en Cantabria, se realizará un estudio de la Vía Verde del Pas, analizando sus puntos fuertes y débiles. Concluiremos con la aportación de los elementos que hay que cuidar para su consolidación como una vía verde completa. Todo empezó con el programa Vías Verdes en España, que surgió en el año 1993 con el fin de aprovechar aquellos caminos ferroviarios que se encontraban en desuso y convertirlos en senderos naturales; donde poder combinar deporte y aire libre, promoviendo así un turismo sostenible a la vez que cultural y de aventura. Gracias a estas iniciativas se han ido recuperando numerosas piezas de interés cultural, como son, por ejemplo, las antiguas estaciones del ferrocarril, aprovechando estos inmuebles como museos y centros de interpretación. Igualmente analizaremos la promoción existente de las vías verdes en España, ya que es fundamental para difundir y lograr un incremento de la demanda de este tipo de posibilidades turísticas.","1",""
"T2-0140","100253810.txt","En este marco, las universidades poseen un gran potencial para desarrollar nuevas perspectivas y enfoques, a la vez que ayudar a diseñar soluciones y formas más efectivas de hacer frente a los problemas de desarrollo económico y social Boisier, 2005, Coraggio, 2003. Esta perspectiva pone de maniiesto que las instituciones dedicadas a la producción y transferencia del conocimiento forman parte del proceso social de construcción del territorio, y que, por lo tanto, no pueden permanecer ajenas a la responsabilidad de participar en la formulación del proyecto político de transformación local o regional Rofman, 2005, p. 49. El rol de la universidad en la internacionalización del territorio Como hemos visto, las Universidades son una pieza clave del desarrollo de los territorios y también se convierten en actores cada vez más activos en su proceso de internacionalización. En principio, hay que señalar que las universidades establecen actividades de forma individual que se materializan en la implementación de estrategias de Apuntes para indagar una visualidad del contagio Ornela Barone Zallocco pp. sidades ya tienen establecidas por su propio proceso de internacionalización 7, y a partir de allí repensar la forma de reorientar esos vínculos a favor del desarrollo regional. Participación en redes de cooperación internacional vinculadas al desarrollo local. En América Latina si bien el compromiso social de las universidades con los procesos de desarrollo territorial no es nueva, en la actualidad se presenta una nueva modalidad de articulación a través de la participación en redes de cooperación internacional vinculadas al desarrollo local y en articulación con los municipios de la región.","1",""
"T2-0141","10020800.txt","Uno de los menos condescendientes corrió a cargo del historiador del arte Luis Sazatornil Ruiz 2017: 18: se centró en la programaciy señaló el reto de apostar por el fomento de la creatividad a través del arte en una ciudad que nunca ha contado con estudios universitarios especializados en la disciplivehicular; eso, sin dudar del atractivo edificio de Renzo Piano, que parece sugerir un nacarado organismo gigante. Arquitectónicamente hablando, el edificio se escurremás allá de la casi inconsciente necesidad de asignarle una forma, una metáfora iconográfica. El Vocal del Colegio de Arquitectos lo vio como un barco que navega soblas aguas y, finalmente, un gigante amable, por las facilidades que proporciona para no obstruir el paisaje y facilitar su contemplación: Las personas se acomodanpara ensimismarse ante el paisaje, sustantivo y actitud que se repiten a lo largo del texto Lastra, 2017: 26. La comparación, aquí, del edificio resultante con el que habíinaugurado dos años antes 2015 en Nueva York ayudará a entender el proceso creativo seguido por el artífice de esta casa de la creación diseñada para Santander,convenientemente adaptada a la idiosincrasia de una ciudad afrancesada en sus gustos y renuente a las poco parlantes formas derivadas de la modernidad. 2. Nueva YorkFue una operación tan ansiada tras sucesivos intentos por ampliar su Breuer Building y un cambio tan drástico, que la inauguración de la nueva sede del Whitney Museof American Art fue intensa y extensamente reseñada. Tuvo críticas, pero creo que ninguna tan apasionada como alguna de las francesas, que llegaron a ser... muyfrancesas, a juzgar al menos por la de la revista especializa AMC Léger, 2015: 22.","0",""
"T2-0142","100254512.txt","Por su parte, con el foco en la construcción de conocimiento, la educación musical es parte de los sistemas de educación en todos los niveles que ellos alcanzan. Sin embargo, más allá de estos campos y del lugar que el consumo y el hacer musical profesional puede ocupar en la vida de las personas, hay un campo de intersección entre ambas disciplinas que ha comenzado a sistematizar el lugar que la música ocupa en la vida de las personas y los efectos estabilizadores que ella tiene. Como parte de esta preocupación, diferentes proyectos de investigación, intervención y promoción social vienen examinando dicho lugar y promovimiento acciones de desarrollo de espacios, que no son ni terapéuticos y educativos, en los que la actividad musical reconstruye vínculos, estabiliza estados emocionales y fortalece los recursos de los seres humanos para hacer frente a las dificultades de la vida cotidiana. En particular, en la última década son varios los equipos que se han ocupado de promover actividades que permitan establecer vínculos intergeneracionales a través del hacer musical. Estos programas enfatizan la importancia, por ejemplo, del canto intergeneracional para a un mismo tiempo, generar proyectos de vida motivadores en la tercera edad, e intereses profundos para la alfabetización en la infancia Blandon, 2017; Detmer et al. , 2017; Heydon et al., 2017; Varvarigou et al., 2011. A través de ellos se busca mejorar las condiciones de vida creando oportunidades para que niños y ancianos ECOS Revista Científica de Musicoterapia y Disciplinas Afines se encuentren en situaciones musicales mejorando las capacidades comunicacionales y reforzando el desarrollo saludable y la cohesión social entre generaciones al interior de las comunidades.","0",""
"T2-0143","100253298.txt","Reseña Cristianismo y derechos humanos. Influencias recíprocas, desafíos comunes. De: Borgoño, Cristian, Ediciones UC Santiago de Chile, 2018. Por: Leandro Omar El Eter La obra Derechos Humanos y Cristianismo muestra una mirada antigua, medieval, moderna y contemporánea acerca de las relaciones entre las libertades y el catolicismo. Se expone un acercamiento entre ambos ámbitos de análisis. Por otra parte, se define al cristianismo como una religión transversal de otras disciplinas. Se describe la realidad de manera amplia e integral, y no de forma parcial y sesgada. El contenido abarca diversos aspectos filosóficos y teológicos, estudiados desde una órbita caracterizada por un orden divino, y que trasciendo al mundo meramente terrenal. El libro reseñado establece una comparación entre el cristianismo y los derechos humanos. Dicho de otra manera, se presenta una caracterización de las reglas de conducta desde una perspectiva santa, con la utilización de fundamentos sólidos y perdurables con el transcurso del tiempo. El autor se llama Cristian Borgoño. Es Doctor en Bioética y Profesor Universitario en la Pontificia Universidad Católica de Chile. Se caracteriza por la humanización de sus escritos, desde una visión católica y defensora de la vida y dignidad humana. Tiene una impronta humanística y utiliza instrumentos axiológicos, de forma constante. No cabe duda alguna, que el derecho natural, eterno y divino tienen coincidencias significativas e inseparables. Así, el punto de encuentro entre ellos es el respeto por la naturaleza humana. Por ello, el principio pro persona gobierna el contenido central del orden social justo. Se presenta un vasto campo de las ciencias sociales, que abarca fenómenos tales como las legislaciones que protegen la figura de la víctima, las garantías constitucionales, el derecho a la intimidad, el principio de no discriminación y el acceso a grupos marginados y vulnerables al goce de la justicia distributiva.","0",""
"T2-0144","10007489.txt","Así como los medios utilizados para acceder a ella tanto las nuevas tecnologías televisión, redes sociales y la web como tradicionales prensa y radio. Esto lo he realizado a través de una investigación de mercados y para ello he llevado a cabo una encuesta personal realizada a una muestra de 200 personas llevando a cabo un trabajo de campo donde la recogida de datos tenía que ser lo más homogénea posible en cuanto al rango de edad, género y situación laboral para que los resultados de la investigación fuesen fiables. Después de este proceso recogí los resultados de la encuesta en un software para el análisis de datos, PSPP y en función de los datos obtenidos en el informe final, he realizado diferentes análisis centrándome en como los aficionados al fútbol de nuestra región acceden a la información del Real Racing Club de Santander. Como último paso he finalizado con las conclusiones de la investigación realizada. 4 1. OBJETO DE ESTUDIO La base de este trabajo consiste en la realización de una investigación de mercados para analizar como los aficionados del Real Racing Club de Santander acceden a la información del club a través de los distintos medios de comunicación ya sea de forma directa o indirecta. De manera que la primera parte nos facilita el análisis del mercado al completo para analizar la frecuencia de mi muestra así como la credibilidad y la confianza de las diferentes emisoras de radio. Cabe destacar que las radios escogidas para nuestro objeto de estudio han sido La Cope, Ser, Onda Cero, Radio Nacional España y Walter García.","0",""
"T2-0145","10170440.txt","5, pero sería interesante hacer este mismo análisis para otros escenarios de cambio climático, para poder ver en qué escenario tendríamos la situación más perjudicial. Asimismo, en este estudio se ha realizado el análisis del escenario futuro sin cambios en la ocupación del suelo, por lo que un estudio más complejo podría analizar los efectos conjuntos por cambios en la ocupación del suelo y el cambio climático. Finalmente, debemos recordar que los efectos del cambio climático afectan a toda la sociedad y que, para reducir y gestionar los riesgos, se deben aplicar diferentes medidas de adaptación y mitigación Donnelly et al. , 2017. Por lo que este estudio, ayuda a realizar un análisis de los posibles efectos del cambio climático y conociendo estos efectos, se podrían adoptar futuras medidas para evitar mayores riesgos. 49 EFECTOS DEL CAMBIO CLIMÁTICO EN LOS RÍOS CÁNTABROS: EL EFECTO DEL BOSQUE EN LA CUENCA 5. Conclusión Con los resultados obtenidos de la metodología aplicada y de acuerdo con los objetivos planteados, se puede concluir la tendencia ascendente en el escenario futuro de la temperatura del agua y descendiente en el caso del caudal, con independencia de las características de tamaño de cuenca y del porcentaje de bosque. Del mismo modo, se establece una relación entre la variación en cuanto al escenario futuro de caudales y el porcentaje de bosque, donde los puntos con menor porcentaje de bosque presentan valores de variación mayores. En cuanto al análisis de temperatura del agua, se concluye que en cuencas con tamaños de cuencas similares los puntos con mayor porcentaje de bosque presentan valores de temperatura del agua menores.","1",""
"T2-0146","10100016.txt","A continuación, se describe la derivación del algoritmo RX. Sea, por ejemplo, una ventanarectangular de una imagen hiperespectral, con un píxel central como posible anomalía, dondeg, 1, ...,m, denota los vectores de píxeles observados en el fondo asumiendo un fondodado por una función de probabilidad de densidad Gaussiana y gm 1 denota el píxelcentral. Construimos las siguientes hipótesis nulas y alternativas: H0 : g N μb,b, 1, ...,m 1, 5. 5H1 : g N μb,b, 1, ...,m, gm 1 N μ,b. 5. 6Por lo tanto, la hipótesis nula o sin anomalía es que todas las observaciones en la ventanase muestrean uniformemente a partir de una distribución normal multivariada con media μb ymatriz de covarianza b. La hipótesis alternativa establece que el píxel central se caracterizapor la misma matriz de covarianza pero por una diferente vector medio μ. Las probabilidadesmaximizadas vienen dadas por:maxθ0Lθ m11exp12g μbT 1b g μb, 5. 7maxθLθ m1exp12g μbT 1b g μb exp12gm 1 μT 1b gm 1 μ, 5. 8donde μb y b son las estimaciones de máxima verosimilitud de la media y de la matrizde covarianza del fondo. Además, se define como la región en el espacio de parámetrosespecificado por la hipótesis H0, con μb 0 y b 0. Por otro lado, se define 0 como laregión en el espacio de parámetros especificado por la hipótesis H1, con μb 0 y b 0. 32 Técnicas de análisis y equipo hiperespectralPero, μ gm1 únicamente hay una observación, así que el último factor exponencialen la ecuación 5. 8 es de valor unidad.","0",""
"T2-0147","10024258.txt","1 EFICACIA DEL FLUTTER EN LA FIBROSIS QUÍSTICA Revisión sistemática EFECCTIVENESS OF THE FLUTTER DEVICE IN CYSTIC FIBROSIS Systematic review Trabajo de fin de grado Ricardo Guillermo Pérez Estela 4o De Fisioterapia. DA: Drenaje Autógeno. PEP: Presión Espiratoria Positiva. SATo2: Saturación de Oxígeno. CVF: Capacidad Vital Forzada. FEV1: Volumen espirado en el primer segundo. FEF25-75: Flujo Espiratorio Forzado entre el 25-75 de la capacidad vital forzada. PtO2: Presión de Oxígeno en los Tejidos. VR: Volumen Residual CRF: Capacidad Residual Funcional CPT: Capacidad Pulmonar total. 4 Resumen: Introducción: La fisioterapia respiratoria en FQ, con el uso del Flutter, es una técnica complementaria cuyo fin es el aclaramiento mucociliar. Objetivo: Localizar la evidencia científica sobre la efectividad del Flutter en el tratamiento de la FQ. Material y métodos: Se realizó una revisión de ensayos clínicos en el tratamiento de la FQ con el uso del Flutter, analizando los estudios publicados en artículos científicos, desde el año 1996 en adelante, en las bases de datos PUBMED, PEDro, SCIELO y COCHRANE. Resultados: Se localizaron 17 estudios que trataban sobre el tratamiento con el Flutter en dicha patología, de los cuales fueron analizados 10 tras desechar los demás según los criterios de exclusión. La evaluación de los efectos de las intervenciones resultaron muy variadas ya que, en dos estudios a largo plazo los resultados fueron desfavorables, en otros cuatro a corto plazo, los cambios fueron mínimos. En dos estudios no hubo cambio alguno y finalmente en el resto, se obtuvieron resultados satisfactorios. Conclusión: Resumiendo este método de tratamiento, aún queda mucho por investigar en este ámbito, ya que los resultados no muestran unanimidad y apenas hay parecidos entre unos estudios y otros.","0",""
"T2-0148","10003479.txt","2. La naturaleza tripartita de la biblioteca del Seminario de Monte Corbán.......... 17 2. 1. 3. Conservación y difusión del patrimonio bibliográfico eclesiástico ................... 18 2. 2. La biblioteca diocesana del Seminario de Monte Corbán ....................................... 19 2. 3. Personal bibliotecario y usuarios .............................................................................. 22 3. El fondo local .................................................................................................................. 24 3. 1. Un elemento difícil de múltiples matices .................................................................. 24 3. 2. Contenido, objetivos y función del fondo local ........................................................ 26 3. 3. El fondo local en la biblioteca en el seminario de Monte Corbán ............................ 27 4. Trabajos técnicos bibliotecarios ...................................................................................... 29 4. 1. Qué esconde la biblioteca? Elementos y tareas a desarrollar .................................. 29 4. 1. 1. Los elementos de la biblioteca ........................................................................... 29 4. 1. 2. Tareas a desarrollar en la biblioteca ................................................................... 30 4. 2. La planificación bibliotecaria en el Fondo Local de la Biblioteca del Seminario de Monte Corbán ........................................................................................... 33 4. 2. 1. Metas y objetivos de la planificación ................................................................. 34 4. 2. 2. La memoria del plan........................................................................................... 35 4. 3. Aplicación del proyecto: trabajos técnicos en la biblioteca del seminario ............... 35 4. 3. 1. Una nueva estancia para el fondo local .............................................................. 36 4. 3. 2. Actividades complementarias ............................................................................ 38 3 4. 3. 2. 1. Colocación del fondo de Teología .............................................................. 38 4. 3. 2. 2. Clasificación de fondo bibliográfico donado .............................................. 39 4. 4. Revisión de resultados .............................................................................................. 41 Conclusiones ........................................................................................................................ 42 Índice de figuras .................................................................................................................. 45 Bibliografía .......................................................................................................................... 46 4 INTRODUCCIÓN Cumpliendo con los objetivos descritos en el reglamento del Trabajo Fin de Grado en Historia con Mención en Historia Aplicada1 me dispongo a desarrollar la memoria de las prácticas curriculares correspondientes, habiendo sido realizadas estas en la biblioteca del Seminario de Monte Corbán.","0",""
"T2-0149","100254562.txt","Pelícano Revista de la Facultad de Filosofía y Humanidades de la Universidad Católica de Córdoba María Cristina Liendo: Acerca del Pensamiento Latinoamericano Estela Fernández Nadal: El ser humano: infinitud atravesada por la finitud. La dimensión vida-muerte en el pensamiento de Franz Hinkelammert Cecilia Inés Luque: La máquina vs el misterio. Tribulaciones de la modernización desigual y contradictoria en Brasil Mario Rojas Hernández: Crítica ético-racional objetiva del positivismo del poder Juan Ezequiel Rogna: Del snob al gestor: una propuesta kuscheana para re-pensar al sujeto político desde el peronismo Gabriel Luis Bourdin: Marcel Jousse y la antropología del gesto Ana Victoria Britos Castro: Interpelaciones a la dinámica estadosociedad civil en la lógica de la colonialidad del poder. Una revisión de la Bolivia contemporánea Mateo Paganini: Locura y colonización. Irrupciones autobiográficas en los testimonios del reino de Araucanía y Patagonia Guadalupe Estefanía Arenas Pacheco: Una aproximación al pensamiento inculturado en el itinerario intelectual de Juan Carlos Scannone Victoria Casado Tolosa: Exotismo e indianismo: un sujeto político místico Luis Miguel Baronetto: Angelelli: mártir del Concilio Guillermo Alejandro Barón Del Pópolo: La intuición de una América Latina distinta. Entrevista a Rolando Concatti sobre la revista Alternativa Latinoamericana Porfirio H. Calsín Zapana: Breve reseña revista AymaraQuechua Directora Cecilia Padvalskis Universidad Católica de Córdoba, Argentina. Editor Octavio Pedoni Universidad Nacional de Jujuy, CONICET - Universidad Católica de Córdoba, Argentina. Correctora Marcela Bricca Colegio Nacional de Monserrat, Argentina. Traductor Diego Fonti CONICET, Universidad Católica de Córdoba, Argentina. Comité editorial Carlos Martínez Ruiz Universidad Católica de Córdoba - Universidad Nacional de Córdoba, Argentina.","0",""
"T2-0150","10043037.txt","Studia Philologica ValentinaVol. 20, n.s. 17 2018 217-242 ISSN: 1135-9560Las disputas contra paganos en la Antigüedad tardía: entre el diálogos y la disputatioDisputes against pagans in Late Antiquity:between dialogos and disputatioJuana Torrestorresjunican.esUniversidad de CantabriaFecha de recepción: 27072018Fecha de aceptación: 27092018El género del diálogoRichard Lim explicaba con claridad el argumento de su famosa obra Public Disputation, Power and Social Order in Late Antiquity, con cu-yas palabras comienzo el presente artículo porque describen mi principal objetivo: El hilo conductor de este libro es la importancia de algunos textos polémicos, incluyendo los diálogos de preguntas y respuestas y las historias de debate, generadas por las disputas filosóficas y religiosas de manera dialéctica1. La palabra λγ es el vehículo polémico por excelencia, que a me-nudo pasa del plano de la oralidad a la escritura para asegurarle su per-durabilidad. El intercambio real de opiniones, intentando lograr acerca-miento y acuerdos, posee su correspondiente forma literaria, la dialógica, Este trabajo se ha realizado en el marco del Proyecto de investigación IDI, For-mas de la polémica en la literatura cristiana antigua ss. II-V. Del dialogo a la altercatio, Ref. : FFI2015-65453-P MINECOFEDER. 1 Lim 1995: 231: A thread weaves through this book is the importance of certain controversial texts, including question-and-answer dialogues and debates stories, generat-ed by philosophical and religious disputation in a dialectical fashion. 218 Juana TorresStudia Philologica ValentinaVol. 20, n.s. 17 2018 217-242adoptada por los escritores para reproducir debates, reales o ficticios. En la tradición clásica greco-latina el género del diálogo era cultivado casi exclusivamente por los filósofos, primero bajo la forma del diálogo socrá-tico plasmado por Platón, por Jenofonte e igualmente por otros discípulos de Sócrates, y después por Aristóteles.","1",""
"T2-0151","10028956.txt","Palabras clave: enfermería, citostáticos, efectos adversos, exposición ocupacional. Exposición ocupacional de las enfermeras a los citostáticos 5 2. INTRODUCCIÓN Los citostáticos, también conocidos como hazardous drugs que puede traducirse como fármacos peligrosos, son un grupo de medicamentos citotóxicos utilizados preferentemente en el tratamiento farmacológico de enfermedades neoplásicas 1. Su misión es inhibir el desarrollo de las células cancerosas mediante la alteración del metabolismo y el bloqueo de la división y reproducción celular. Los citostáticos no actúan solo sobre las células malignas, sino que también afectan a todas las células del organismo llegando a producir efectos tóxicos adversos. Los efectos nocivos son todas aquellas consecuencias no deseadas ni intencionadas que son perjudiciales para la salud de los seres humanos. Debido al mecanismo de acción de los citostáticos, estos pueden provocar 2: - Efectos mutagénicos: modificación permanente en la cantidad o en la estructura de material genético de un organismo que produce un cambio en su fenotipo. - Efectos carcinogénicos: pueden producir cáncer o aumentar su frecuencia. - Efectos teratogénicos: afectación negativa a la función o capacidad reproductora y aumento del riesgo de malformaciones en el feto. Existen un centenar de citostáticos diferentes y no hay un único criterio para su clasificación, en este trabajo seguiremos una clasificación según su mecanismo de acción y estructura química 3: CLASIFICACIÓN DE LOS AGENTES CITOSTÁTICOS SEGÚN SU MECANISMO DE ACCIÓN Y ESTRUCTURA QUÍMICA AGENTES ALQUILANTES Mostazas nitrogenadas Ciclofosfamida Clorambucilo Ifosfamida Melfalan Trofosfamida Mecloretamina Nitrosoureas Carmustina Estramustina Lomustina Estreptoxocina Etileniminas y metilmelaminas Altretamina Tiotepa Alquilsulfonatos Busalfan Triazenos Dacarbazina Procarbazina ANTIMETABOLITOS Antagonistas de pirimidinas Citarabina Tegafur Floxuridina 5-azatidina 5-fluorouracilo Ftorafur Gemcitabina Antagonistas de purinas Tioguanina Azatioprina Exposición ocupacional de las enfermeras a los citostáticos 6 Mercaptopurina Cladribina Antagonistas de adenosina Fludarabina Pentostatina Antagonistas de ácido fólico Metrotrexato Trimetrexato Raltitrexed COMPLEJOS DE PLATINO Carboplatino Cisplatino Oxaliplatino ANTIBIÓTICOS CITOSTÁTICOS Antraciclinas Daunorubicina Doxorubicina Epirubicina Idarubicina Mitoxantrona Pirarubicina Amsacrina Otros Bleomicina Mitomicina C Actinomicina D Mitramicina PRODUCTOS DE ORIGEN NATURAL Alcaloides de podofilos Etopósido Tenipósido Alcaloides de la vinca Vinblastina Vincristina Vindesina Vinorelbina Taxoides Docetaxel Paclitaxel OTROS ANTINEOPLÁSICOS Derivados de camptotecina Irinotecan Topotecan Enzima L. Asparaginada Supresor adrenocortical Aminoglutetimida Hidroxiurea Mitotano Tabla 1.","0",""
"T2-0152","100253606.txt","Me tienen a mí, y adiós. Yo soy la Providencia, el Padre Eterno Martínez, 1993 1985, p. 174. Aquí resulta notable la posición que asume el protagonista como único sujeto digno de pervivir en la memoria del pueblo argentino por asumir en su persona una condición excepcional que lo convierte en un ser eterno y proveedor de todo cuanto necesiten los argentinos. Perón establece una relación de igualdad entre su persona y el mismísimo Dios. Él es el Padre Eterno y la Providencia, por lo tanto nunca podrá ser olvidado. Resulta interesante, también, el juego de palabras que se propicia en la oración Me tienen a mí, y adiós. Por un lado, en sentido literal, la oración puede entenderse como que el pueblo argentino sólo tiene a Perón y no hay nada más que discutir al respecto; aunque, por otro lado y atendiendo a criterios más sonoros que literales, podemos pensar que la Argentina solamente tiene a Perón y a Dios como únicos salvadores providenciales. Tanto una como otra interpretación se aúnan en el eje común de la incuestionabilidad del líder. Podríamos agregar a todo lo dicho que en La novela de Perón se establece una relación inversamente proporcional entre la inminencia del retorno a la Argentina y el liderazgo carismático de Perón: cuanto más cercano es el momento de la partida de Madrid, menos evidentes son los atributos de líder que evidencia el general, mientras que, por el contrario, resaltan de forma cabal ciertas características que hacen de él un sujeto débil y deteriorado.","0",""
"T2-0153","100254472.txt","Curiosamente, el motivo de la consulta lo determinó el cuadro de dificultad respiratoria progresiva y no la coexistencia previa de fiebre e insuficiencia ponderal, las cuales retrospecti vamente debieran haber acelerado el proceso diagnós tico. Debido a la rareza de esta asociación y a las conse cuencias clínicas de las demoras diagnósticas, el presente caso es discutido por versar sobre una patología infre cuente, además de realzar la importancia del análisis m inucioso de los antecedentes clínicos. Presentación del caso M. P., sexo masculino, ingresa a esta Institución debido a dificultad respiratoria creciente, e insuficiencia en la ga nancia ponderal. Los antecedentes obstétricos no ofrecen particularidad alguna. El peso de nacimiento fue de 3. 6 kg y la edad gestacional estimada en 41 semanas. El Score de Apgar era desconocido pero una circular de cordón fue descrita. El neonato fue dado de alta en su lugar de origen al tercer día de vida alimentándose con una fór mula convencional. Al cumplirse 6 días, los padres notan un pequeño punto rojo en el centro del área interesca- pular. El facultativo consultado prescribe violeta de gen ciana de uso local y cefalosporina oral, pero la zona continúa enrojecida e indurada. Simultáneamente, apa recen febrículas diarias 37. 9-38. 1 C , cianosis intermi tente, dificultad respiratoria progresiva y desinterés en la alimentación. La zona afectada drena pus amarillento cinco días después, pero la terapéutica permanece sin cambios. Consultado otro facultativo, se comienza Gen- tamina IM a la edad de 26 días sin progreso clínico, por lo que el paciente es derivado.","0",""
"T2-0154","10160285.txt","LA COMPLEJA DIALÉCTICA ENTRE LOS MODELOS Y LAS HERRAMIENTAS EN EDUCACIÓN El profesor francés Philippe Meirieu constataba hace ya más de una década el peligro que podríamos padecer los educadores al sentirnos seducidos o, como él decía fascinados, por ciertas herramientas que incorporamos a nuestra tarea pedagógica sin caer en la cuenta de que cualquier herramienta ha de inscribirse dentro de un determinado modelo, de una representación de la educación y de la pedagogía que se conforma y articula en torno a tres elementos: una toma de posición sobre las finalidades, la movilización de conocimientos de carácter psicológico relacionados con el funcionamiento del sujeto que aprende y, finalmente, las modalidades de acción admisibles 2001, 109-110. A estos tres elementos él los denomina, respectivamente, el polo de las finalidades, el polo de apuntalamiento psicológico y el polo praxeológico en el que, en sentido estricto, se ubicarían las herramientas. Por desgracia, en muchas ocasiones, los educadores pensamos y desarrollamos los procesos pedagógicos desde miradas cortoplacistas, estrechas y apresuradas obviando, bien por ignorancia, bien por desconsideración, aquél otro planteamiento macro o contextualista que ha de presidir cualquier propuesta educativa que se precie 180 TESI, 143, 2013, pp. 175-190 Javier Argos y Pilar Ezquerra verdaderamente de serlo. Y cuando ello ocurre, esos procesos se descarnan de sus vectores más relevantes y potentes, fundamentalmente de aquellos que tienen que ver con el sentido de nuestra acción pedagógica, con los referentes de valor que la preñan y con la concepción antropológica que sostengamos en relación con las personas en ella implicadas.","1",""
"T2-0155","100254055.txt","El segundo elemento que destaca la autora es que el trabajo doctoral da cuenta de la construcción de una relación formativa con un tutor que va guiando la lógica temporal de la investigación y la lógica de la escritura de la tesis 2009: 202. El vínculo director-tesista asume características propias de acuerdo a diversos aspectos: institucionales, subjetivos, biográficos y personales Luna Molina y Muñiz García, 2018. La tercera característica que nos incumbe en este artículo y que es señalada por Mancovsky es que toda tesis doctoral requiere de una instancia de publicación y evaluación. Es decir, la tesis es una producción escrita que encierra la condición de ser examinada y defendida oralmente ante un jurado de expertos 2009: 202. Desde estas dimensiones, una tesis puede ser vista como una prueba escrita que testimonia sobre la capacidad del sujeto-estudiante para llevar a cabo una investigación y dar cuenta de ello. Dicho de otro modo, la tesis consagra la aptitud a la investigación: ese trabajo de artesano intelectual que, a partir de escritos, archivos, libros, estadísticas, trabajo de campo, encuestas, observaciones y entrevistas, produce una obra Baud, 2001: 9. Antes de explicitar la estructura interna del artículo consideramos pertinente contextualizarlo y aproximar al lector al territorio institucional y epistemológico particular en el cual se insertan estas líneas. Argumentábamos al comienzo del trabajo que mucho de lo que sucede en el itinerario formativo del tesista depende de las características propias que asume el programa de posgrado que cursa. Para el presente artículo nos basaremos en la experiencia del programa de doctorado en ciencias de la educación de una universidad pública argentina.","0",""
"T2-0156","10142455.txt","Sin embargo, si los valores del potencial son bajos, no existiráentre las nanopartículas suficiente fuerza como para repelerse y tienden así a agregarse. Su medición aporta información detallada de las causas de la dispersión, agregación ofloculación del material en estudio al ponerlo en presencia de otro tipo de sustancias conLourdes Valdivia Fernández 67CAPÍTULO3. MATERIALESYMÉTODOSCAPÍTULO3. MATERIALESYMÉTODOSCAPÍTULO3. MATERIALESYMÉTODOSCAPÍTULO 3. MATERIALES Y MÉTODOScarga conocida, en este caso el comportamiento de las nanopartículas sintetizadas en elmedio. La medición del potencial zeta se basa en el principio de que el comportamiento delos coloides está determinado por las cargas eléctricas presentes en su superficie. Estascargas producen fuerzas de repulsión electrostática. Se considera que valores de 30 mV osuperiores son suficiente para que el sistema coloidal sea estable. Además de una medidade estabilidad de la suspensión, conocer el valor de la carga superficial de un nanomaterialva a indicar la localización que puede tener las sustancias fármaco o colorante que se hanincorporado en la síntesis, si este se presenta en mayor o menor medida retenido en el inte-rior o adsorbido en superficie debido a un fenómeno de atracción electroestática o en ambos. Figura 3. 4: Esquema representativo de la diferencia de potencial como una función de ladistancia desde la superficie de una partícula suspendida en un medio de dispersión 342. 3. 2. 2. TamañoLa dispersión dinámica de luz DLS permite obtener una estimación del tamañoo la distribución de tamaños de moléculas y nanopartículas en suspensión en la regiónsubmicrométrica. Esta técnica obtiene información del movimiento Browniano de las nano-partículas y lo relaciona con su tamaño nanométrico: a mayor tamaño de la nanopartículas,menor desplazamiento y menor velocidad.","1",""
"T2-0157","10028642.txt","Este trabajo busca analizar los hábitos de producción y utilización de los recursos digitales y mediáticos de una muestra de 252 universitarios españoles, con el objetivo de conocer su competencia digital y su aprovechamiento para un uso educativo. Los resultados revelan una competencia mediaalta de los universitarios en cuanto al manejo de los recursos mediáticos y digitales, así como una percepción positiva de la red como fuente valiosa de la que adquirir conocimiento y ampliar información. Admiten utilizar los recursos digitales y mediáticos para trabajar de forma colaborativa y ayudarse en tareas académicas, aunque no producen contenido académico o información en plataformas educativas; es decir, se consideran consumidores mediáticos, pero no productores. Se observó además que los universitarios mayores de 25 años son prosumidores más activos, en lo que se refiera a contenidos e información relacionada con temas académicos, que los estudiantes menores de 26 años, quienes utilizan más las redes para producir y compartir datos personales. Palabras Clave: Alfabetización mediática, competencia mediática, competencia digital, internet, nativos digitales. University students: Prosumers of digital and media resources in the internet eraABSTRACTDespite the importance that digital and media resources have reached in our society, the acquisition of competencies for their suitable and responsible use in the educational context is not guaranteed. This study seeks to analyze the habits of production and use of digital and media resources of a sample of 252 Spanish university students, aiming to know their digital competence for an educational purpose. The results reveal a mediumhigh competence of the university students regarding the management of digital and media resources, as well as a positive perception of the network as a valuable source from which to acquire knowledge and expand information.","1",""
"T2-0158","10171441.txt","Darío Vélez BoteroGuillermo Pérez PuertaJavier Ramírez MontoyaDepartamento de MatemáticasFacultad de Ciencias EconómicasUnioersidod de AntioquiaIndices de pobreza y funciones de bienestarLecturas de Economía. No. 23. Medellín, mayo-agosto de 1987. pp. 157-193 Resumen. En el artículo: Indices de pobreza: una discusión metodológica, publi-cado en la revista Lecturas de Economía No. 22, presentamos tres Índi-ces P1 P2 YP3 . El primero es el porcentaje de pobres para una línea de pobreza dada. Elsegundo añade la brecha porcentual que existe entre la línea de pobreza y los ingresos me-dios de los pobres. El P3 tiene en cuenta, además, el grado de desigualdad lue hay entrelos ingresos de los pobres. La ordenación con el Índice P1 es equivalente a una ordenaciónde funciones de bienestar -utilidad media- asociadas a funciones de utilidad crecientescon el ingreso. Esta propiedad de las funciones de bienestar: la de aumentar el bienestarcon los ingresos, llamada la eficiencia, descubre la estructura económica que subyace enP1 . Las ordenaciones con Pf son equivalentes a ordenaciones con funciones de bienestarque tienen la propiedad de a eficiencia y la equidad. Esta última propiedad se entiendeen el sentido de que cualquier transferencia del ingreso, desde los niveles más altos hacialos más bajos, es progresiva, porque aumenta el bienestar. En P3, además de la eficienciay la equidad, aparece la sensitividad de las funciones de bienestar, puesto que los impac-tos de las transferencias son mayores cuando ellas están dirigidas a favorecer a los máspobres de la población . Ahstract. In the article: Indices de pobreza: una discusión metodológica publi-shed in the previous number of this journol we presented three indicesP1 , P2 and P3.","1",""
"T2-0159","100341917.txt","3 Los estudios aportados por el arquitecto J. M Rovira, nos dan una nueva lectura sobre el tema. En el número 57 de la revista Cau junio 1979, en un artículo titulado: Detrás del espejo: el Pueblo Español de Montjuich, Rovira nos da una visión crítica acerca de la arquitectura retórica utilizada en Las Exposiciones Universales y en este caso concreto, del Pueblo Español, se refiere a ella como una arquitectura fácil de criticar para aquellos que únicamente se basan según criterios de vanguardismo formal. Un segundo artículo del mismo autor publicado en Grans temes lAven en 1979, titulado: La funció segueix la forma: el Poble Espanyol de Montjuc, destaca el carácter ideológico que tuvo el Pueblo Español, un lugar donde quedase apagada la idea del tiempo y el espacio, una ciudad ideal basada en la idea de una ciudad medieval, es por lo tanto, una obra con un claro objetivo nostálgico pero al mismo tiempo, según Rovira, una primera ilusión del Poble Espanyol al presentarse como reflejo medieval puede ser la síntesis perfecta del canto a la operación colectiva que la Exposición debía ser. Contrasta su aceptación si se tiene en cuenta que el Poble Espanyol fue la última de las obras adjudicadas para la exposición y a la que se le destinó un solar residual dentro del conjunto de Montjuc. El Poble Espanyol podría haber sido destruido o incluso haber quedado condenado a ser un Lost Space Pérez, 2018, siguiendo así fiel a la condición residual de su origen.","0",""
"T2-0160","10022951.txt","Finalmente fueron incluidos 7 artículos a la revisión. Resultados: La fisioterapia respiratoria basada en técnicas manuales e instrumentales, en algunos de los artículos encontrados en nuestra revisión, se vieron mejoras significativas para mejorar su calidad de vida, en otros no, pero no descarta su beneficio y nos recomiendan las técnicas. Discusión: La fisioterapia respiratoria debería considerarse como un buen tratamiento para los pacientes con esclerosis lateral amiotrófica, ya que es una enfermedad no curativa, pero con esto pretendemos mejorar la calidad de vida de estos pacientes. INTRODUCCIÓN La Esclerosis significa endurecimiento y se refiere al estado endurecido de la médula espinal en la ELA avanzada. Lateral significa al lado y se refiere a la ubicación del daño en la médula espinal. La palabra amiotrófica, que significa sin trofismo muscular, se refiere a la pérdida de las señales que los nervios envían normalmente a los músculos. 1-7 La esclerosis lateral amiotrófica ELA es una enfermedad del sistema nervioso central, caracterizada por una degeneración progresiva de las neuronas motoras en la corteza cerebral, tronco del encéfalo y médula espinal, la consecuencia es una debilidad muscular que avanza hasta la parálisis, extendiéndose de unas regiones corporales a otras. Amenaza la autonomía motora, la comunicación oral, la deglución y la respiración, aunque se mantienen intactos los sentidos, el intelecto y los músculos de los ojos. El paciente necesita cada vez más ayuda para realizar las AVD, volviéndose más dependiente y habitualmente fallece por insuficiencia respiratoria. 2 La ELA también se la conoce con otras denominaciones: Enfermedad de Gehrig o Lou Gehrig, Enfermedad de Stephen Hawking Enfermedad de Charcot, Esclerosis Lateral Amiotrófica con Cuerpos de Poliglucosano.","0",""
"T2-0161","10159512.txt","Numerosos estudios de prospectivos de cohortes como el British Medical Research Council 9 y el Framingham Heart Study Offspring 10 ya demostraron la relación causal entre el consumo de tabaco y el padecimiento de la EPOC 2, 11. Se ha demostrado que esa relación es proporcional, de manera que cuanto mayor sea el Índice de paquetes- 7 año, que muestra el consumo acumulado de tabaco, mayor es el riesgo de padecer la enfermedad 2. Por otro lado, se ha observado que existe una cierta susceptibilidad genética a padecer EPOC en fumadores, ya que solamente el 20-30 de ellos desarrolla la enfermedad 12. Según la Guía GOLD, los fumadores de tabaco tienen mayor prevalecía de síntomas, así como peor función pulmonar, con un descenso más marcado de FEV1, y mayor mortalidad, que los no fumadores. Se observa que en estos pacientes susceptibles a la enfermedad, al exponerse a las sustancias nocivas, se desarrolla una respuesta inmune amplificada que provoca una inflamación crónica, tanto pulmonar como sistémica 1215, que provoca la hipersecreción de mucosidad y la destrucción de parénquima pulmonar, el aumento de especies reactivas de oxígeno ROS, la alteración del balance entre proteasas y antiproteasas, y la reparación anómala del tejido pulmonar 11. Actualmente se ha observado un aumento en el consumo de los dispositivos susceptibles de liberación de nicotina, más conocidos como cigarrillos electrónicos, sobre todo entre adolescentes 16, 17. Según la Organización de Consumidores y Usuarios, un cigarrillo electrónico es un dispositivo que contiene líquido en su interior con propienglicol, glicerina y aromatizantes, con o sin nicotina 18.","1",""
"T2-0162","10079883.txt","Otra dimensión que necesariamente debe po-tenciarse más en la formación de los futuros docen-tes es la relacionada con los aspectos organizativos y de planificación que deben tomarse a nivel de centro educativo, asumiendo que la lectura, en todas sus facetas, es una cuestión de responsabilidad colectiva de toda la co-munidad educativa. Los planes de lectura del centro Pascual, 2012; Zayas y Lluch, 2015 y la bibliote-ca escolar Durban, 2010 constituyen herramientas que pueden favorecer el desarrollo curricular y la innovación educativa con carácter general y, más en concreto, el desarrollo de la competencia lectora y li-teraria: aprender a leer, leer para aprender, gusto por la lectura y competencia informacional Díaz-Plaja y Prats, 2013. Es preciso que en las clases de dll se supere una visión de la educación lectora y literaria Formación inicial de maestros en promoción de la lectura y la literatura en España... Carmen Álvarez-Álvarez y Julián Pascual-Díez pp. 57-75722020Vol. XINúm. 30 https:ries.universia.unam.mxcentrada casi exclusivamente en la mediación indi-vidual y se contemple esta dimensión institucional Lerner, 2001. Esta consideración, si cabe, merece mayor atención ya que ha sido frecuentemente ol-vidada en las aulas universitarias. En relación con ello, los profesores de dll de nuestro trabajo tam-bién demandan la necesidad de favorecer puntos de contacto entre las facultades y las organizaciones o instancias que promueven la lectura en su entorno: bibliotecas, librerías, autores de lij, etcétera. Este estudio ofrece resultados y conclusiones rele-vantes para el avance del campo, pero también pre-senta limitaciones propias de su enfoque: en futuros trabajos se hace necesario contrastar la perspectiva del profesorado con la perspectiva de los estudiantes y de los docentes en ejercicio de los centros escolares.","1",""
"T2-0163","10171273.txt","En este contexto de la relación entre gobierno y conocimiento surge la propuesta de Harold Lasswell. Con el fin de ser coherente ante la situación política y la forma de percibir la labor del académico, Lasswell crea, junto con Daniel Lerner, las denominadas Policy Sciences Ciencias de las Políticas en 1951. Al igual que otros contemporáneos suyos, este autor considera que la aportación desde la ciencia de conocimiento aplicable mejoraría el desempeño administrativo y acción gubernamental del Estado, generando un buen gobierno o un gobierno ilustrado. Una idea retomada y compartida con su maestro Charles Merriam, quien consideraba necesaria la producción de conocimiento utilizable, es decir, consideraba que la ciencia debía estar al servicio de la humanidad Cf. Nelson, 2001, pp. 810-812. 55 Esta convicción no sólo caracterizó su obra escrita, la cual está llena de pragmatismo, sino que también se destaca en sus recomendaciones desde la Comisión Brownlow para hacer más competente la gestión de la administración federal norteamericana y su apología a la ciudadanía activa. Merriam trabajó siempre con la idea de establecer relaciones fuertes entre la academia y el Estado; se esforzó mucho por difundir estas ideas, por ello, en la década del veinte, entre 1923 y 1925, realizó varias conferencias nacionales sobre ciencia política y conformó el Consejo de Investigación en Ciencias Sociales en 1923. Lasswell resume el propósito de su maestro Merriam así: sugerir algunos acercamientos posibles de método, con la esperanza de que otros asuman la tarea y, a través de la reflexión y la experimentación, aporten técnicas más inteligentes tanto al estudio y a la práctica del gobierno como a las actitudes populares sobre el proceso gubernamental Lasswell citado por Aguilar, 1996, p. 85.","1",""
"T2-0164","100362244.txt","Donatella della Porta, Lorenzo Cini y César Guzmán-Concha. Contesting Higher Education. Student Movements against Neoliberal Universities. Bristol: Bristol University Press, 2020, 230 pp. El campo de estudios iberoamericano sobre los movimientos estudiantiles se ha consolidado en las últimas décadas. En su mayoría, las investigaciones se han desarrollado focalizando sobre estudios de caso en contextos institucionales y nacionales específicos. 1 Recientemente, en el marco de la expansión de la influencia de la historia global y la historia transnacional, han comenzado a desarrollarse investigaciones que apuestan a poner en diálogo los procesos de movilización estudiantil a nivel local con otros regionales e internacionales. Fundamentalmente, encontramos trabajos acerca de los procesos de radicalización estudiantil hacia fines de la década de 1960, ya sea en clave latinoamericana o europea. 2 1 Véase Renate Marsiske, Movimientos estudiantiles en la historia de América Latina México: IISUE, 1999, 2002, 2006, 2015, 2017; Elena Hernández Sandoica, Miguel Ángel Ruiz Carnicer y Marc Baldó Lacomba, Estudiantes contra Franco 1939-1975. Oposición política y movilización juvenil, Madrid: La esfera de los libros, 2007. 2 Véase Alberto Carrillo Linares y Miguel Cardina, Contra el Estado Novo y el Nuevo Estado. El movimiento estudiantil ibérico antifascista, Hispania: Revista Española de Historia, v. LXXII n. 242 2012; Laura Luciani, Asimismo, desde la Sociología y la Ciencia Política han comenzado a desarrollarse investigaciones sobre los movimientos estudiantiles recientes desde una perspectiva global. Este tipo de análisis se ha expresado, entre otros espacios, en dossiers temáticos publicados en revistas académicas que reúnen trabajos sobre diversos casos nacionales.","0",""
"T2-0165","100362262.txt","1. IntroducciónEn 1804 se fundaba en Sargadelos, parroquia del municipio de Cervo, en la provincia de Lugo, una fábrica de loza que bajo el mismo nombre de su emplazamiento acabaría convirtiéndose en uno de los centros cerámicos de referencia en el panorama industrial del siglo XIX en España y el más impor-tante de los que hayan existido en Galicia. Creada por iniciativa del hidalgo asturiano Antonio Raymundo Ibáñez Meijide Pardo 1979, respondía a los deseos de expansión de unos negocios que tenían su origen más próximo en la ya asentada fábrica de fundición establecida desde 1791, año de su creación por Real Cédula, en el mismo recinto que ahora ocuparía la destinada a la producción de piezas cerámicas: Las Fabricas se hallan sitas en la Feligresía de Sargadelos, en donde llaman Monte do Medio. El terreno que tenemos adquirido en aquel lugar com-pondrá mas de una legua y quarto de circunferencia dentro del qual se halla una Casa Principal de dos patios, con Capilla, Oficinas Correspon-dientes, huerta, y Jardines; La Fabrica de Municiones con Carboneras, Refineria, Ornos de Calzinazn; maquina llamada Bocarte, Tinglados, casas y ranchos paralos Operarios: Una hermosa Herrería, a caso la mejor de España, contodas sus oficinas; la casa de la Fabrica de Loza, compuesta de dos patios, Ornos y tinglados con el Molino correspondiente, y maquinas para romper el pedernal, y moler los barnizes: Yasi mismo dos Molinos arineros; un puente dedos arcos, y cinco prados regadíos de crecida exten-sión, afin de proporcionar forrage para el Ganado empleado enlas conduc-ciones; y el resto del expresado terreno en toda su redondez lo tenemos plantado de pinos con el mejor suceso, excediendo en el dia de mas de seiscientos mil pies.","1",""
"T2-0166","10143616.txt","5, f. 33, f. 17. La esposa contaba con 21 años, estaba casada desde hacía tres en 1769 con el peninsular Don Pedro Bazán, y era hija legítima del capitán Don Joseph de Ferreyra y de Doña Teresa de Olmos. 29 AAC, Causas matrimoniales, Juicios de Divorcio, Leg. 202, Años 1815 1825, tomo Ix, exp. 1. 30 Algunos ejemplos de expedientes de divorcio eclesiástico en los cuales se recogen menciones a cuestiones alimentarias pueden consultarse en: AAC, Causas matrimoniales, Juicio de Divorcio, Leg. 194, Años 1688 1745, tomo I, exp. 4, 14, 16; Leg. 195, Años 85Mónica Ghirardi Jaqueline Vassallolos ingresos provenientes de su aporte productivo al hogar. En efecto, a veces lo que más alentaba el interés del cónyuge a solicitar el reintegro femenino residía en la contribución que hacían las mujeres, en el caso de los sectores populares especialmente, al sostén de la familia. Ello ocurría por ejemplo con la joven embarazada Concepción Gómez Ceballos, casada hacía cinco meses con Tadeo Gigena, a quien ella acusaba de sevicia y malos tratos. Depositada en casa de sus padres por orden del vicario con conocimiento del juez real, el marido insistía en que erapreciso se mudase de la casa de su madre y pasase a vivir en donde yo vivia y desde donde asiste a la tarea u ocupacion que ha ambos nos franqueaba lo necesario para pasar nuestra vida, pues necesitando yo alli su asistencia y presencia para el mas expedito manejo de dicha tarea ... siendo las facultades al marido el ordenar y disponer donde a de avitar su muger31.","1",""
"T2-0167","10028449.txt","Los síntomas clínicos que recoge este manual son los siguientes: a Deficiencias en la comunicación social Se caracteriza por dificultades en el empleo de lenguaje no verbal contacto ocular, postura...etc. , problemas en el desarrollo de las relaciones interpersonales, ausencia de la tendencia espontánea a mostrar y compartir intereses, y falta de reciprocidad social en las emociones1. b Comportamientos restringidos y repetitivos La gran mayoría de niños fracasan en el desarrollo del juego normal de simulación, ficción o fantasía, son escasa capacidad imaginativa, lo que limita su capacidad para entender las emociones e intenciones de los demás. Los 7 patrones de conducta son, a menudo, repetitivos ya que muestran gran resistencia a los cambios y tienen intereses específicos o preocupaciones sobre temas peculiares, con apego a objetos extraños. Son habituales los movimientos repetitivos o inusuales1. Algunos otros síntomas asociados al autismo son los siguientes5: en cuanto al lenguaje, este es la principal causa de consulta en la clínica diaria. Existe un trastorno semánticopragmático6, en el que se altera tanto la comprensión como la producción siempre se encuentra más afectada la primera que la segunda. Igualmente, se observa un retraso en el desarrollo del lenguaje o un lenguaje reiterativo y estereotipado que no es compensado con el lenguaje no verbal. Es frecuente la dificultad para el inicio y mantenimiento de una conversación. Tanto la forma como el contenido del lenguaje es peculiar y puede incluir ecolalia, inversión pronominal e invención de palabras1. En cuanto al funcionamiento intelectual, en TEA se pueden encontrar habilidades cognitivas muy irregulares, que varían desde la discapacidad intelectual hasta las capacidades superiores.","0",""
"T2-0168","10048563.txt","FOTO DE SITUACIÓN O MONTAJE IDENTIFICATIVO DE LA OBRA UNIVERSIDAD DE CANTABRIA ESCUELA TÉCNICA SUPERIOR DE INGENIEROS DE CAMINOS, CANALES Y PUERTOS ÁREA DE PROYECTOS TIPO PROYECTO FIN DE GRADO INGENIERO CIVIL TÍTULO en castellano PASARELA SOBRE EL RIO PISUEÑA TÍTULO en inglés PEDESTRIAN BRIDGE OVER PISUEÑA RIVER PROVINCIA CANTABRIA TÉRMINO MUNICIPAL SARO TOMO I Y ÚNICO DOCUMENTOS DOCUMENTO No 1 MEMORIA DOCUMENTO No 2 PLANOS DOCUMENTO No 3 PLIEGO DE PRESCRIPCIONES TÉCNICAS PARTICULARES DOCUMENTO No 4 PRESUPUESTO GRUPO ESTRUCTURAS AUTOR Iñigo Jiménez Lozano PRESUPUESTO FECHA P. B. L 178. 012, 70 JUNIO de 2018 FIRMAS DEL DOCUMENTO FECHA: Junio 2018 Área de Proyectos de Ingeniería Escuela Técnica Superior de Ingenieros de Caminos, Canales y Puertos UNIVERSIDAD DE CANTABRIA FIRMA DEL ALUMNO AUTOR DEL PROYECTO Iñigo Jiménez Lozano DIRECTORES DEL PROYECTO JAVIER TORRES RUIZ MARÍA ANTONIA PÉREZ HERNANDO TITULO Pasarela sobre el rio Pisueña AUTOR Iñigo Jimenez Lozano DIRECTORES Javier Torres Ruiz María Antonia Pérez Hernando CONVOCATORIA Junio 2018 PALABRAS CLAVE Pasarela peatonal Saro Pasarela sobre un rio Estructura metálica RESUMEN Hasta ahora la conexión entre el barrio de Vega y Saro se hacia mediante un estrecho puente de trafico mixto entre peatones y coches por una única calzada, de aquí sale la necesidad de dividir el tráfico y enviar el trafico peatonal entre estas dos zonas por una pasarela cercana al puente. Al ser una zona rural el diseño del puente se intenta ajustar al entorno intentando no crear una estructura con un gran desentone en la zona, es por eso que se crea una pasarela estrecha en alzado con apenas mas espesor que el de la barandilla con dos estribos prácticamente enterrados y sin ninguna pila, al ser de reducido vano, unos 30 metros.","0",""
"T2-0169","100104311.txt","Líderes y elites Sumario: Objeto de estudio. Metodología. La relación entre el líder y la elite política. La relación entre el líder y los seguidores. Las evidencias empíricas. Resumen: El liderazgo representa una personalización del poder. El desarrollo de los medios de comunicación de masas, especialmente la televisión, ha dado preeminencia a las actividades directas de los líderes. Lo que aquí pretendemos es explorar la influencia del líder en la vida política y su relación con las elites políticas. Las oscilaciones en el voto entre distintas elecciones se explican mejor por factores coyunturales como la valoración política de los candidatos o el aprecio por el partido que por factores estructurales como la clase social. En definitiva, está probado el influjo del líder como factor de decisión y explicación del voto a los partidos que representan. Palabras claves: Líderes, elites políticas, democracia, representación política, elecciones. Artículo: Recibido, julio 22 de 2004; aprobado, agosto 20 de 2004. Javier Sánchez Herrera: Doctor en Ciencias Políticas por la Universidad Nacional de Educación a Distancia UNED. Profesor de la Universidad de La Laguna. Departamento de Sociología. Responsable del Departamento de Ciencia Política del Centro Asociado de la UNED en Las Palmas de Gran Canaria. E- mai: fjsherull.es Javier Sánchez Herrera La personalización de la política no es un fenómeno desconocido ni nuevo en la ciencia política y la sociología. Mucho menos en la política, donde los partidos y los países no han dejado de contar con ellos para impulsar el progreso general de la sociedad.","1",""
"T2-0170","100253577.txt","Sí, lo reconozco. Pero no me parece baladí subrayar que precisamente el informe AL GORE o el análisis PICQ o el último do cumento del gobierno del Reino Unido sobre el particular son muy claros al respecto. Para unos hay que buscar una Administración que piense más en la gente y para otros la justificación de la propia existencia del aparato administrativo reside en el compromiso con la mejora creciente de las condiciones de vida de la gente. En este sentido, también en el documento español, el propio Minis tro recuerda de la Administración: ha de ser sen cilla, ágil, eficaz y eficiente, y que ha de aprove char las ventajas que presuponen las nuevas tec nologías de la información y de las comunicacio nes, con el fin de contribuir al mayor bienestar de las personas. No se trata en estas líneas, ni mucho me nos, de glosar el documento español. Me propon go solamente analizar la expresión relativa al ca rácter central de las personas en cualquier proce so de reformas de la Administración Pública. Tanto en el sentido e usuario de los servicios públicos co mo en su dimensión de empleado público. En am bos caso, las personas ocupan el lugar central del sistema y, por ello, los reformadores deben tener la habilidad, perspicacia e inteligencia de general es pacios de integración y complementariedad entre usuarios y empleados públicos. En este sentido, el libro blanco español de dica, ni más ni menos, que el capítulo I a Una Ad ministración pública al servicio de los ciudadanos y el capítulo V lleva por rúbrica La implicación de los empleados públicos en una Administración pa ra los ciudadanos.","0",""
"T2-0171","100253878.txt","12 Esto puede incluir, evidentemente, a la élite aristocrática, la curia regia y hasta al propio rey. Lo anterior incidirá en la forma en que se articularán estas instituciones, según las necesidades socio-económicas, políticas y religiosas de cada propietario detrás de ellas: bien como núcleos o dependencias de un dominio territorial de una comunidad monástica o uno o varios señores, o bien como mecanismos de control del territorio en que las encontramos al servicio de los poderes episcopales y regios. 13 En otras palabras, las iglesias propias han sido interpretadas con un margen difuso eclesiástico, pero en realidad se trata de una institución heterogénea al igual que sus propietarios, conformadas según los intereses de los mismos y a tono con la realidad social en la que las encontramos en los cartularios altomedievales del norte de la península ibérica. Teniendo en cuenta esto, proponemos el análisis de la relación e interacción social observable entre las iglesias y monasterios locales como otra perspectiva para abordarlos. Podemos identificar personajes tan diversos como donantes, la propia comunidad religiosa asociada a los centros eclesiásticos, compradores, vendedores y personajes de poder de las esferas episcopales y regias. Este intento de caracterizar a las iglesias propias en base a la asociación de personajes identificados no es nuevo, ya que historiadores como Iñaki Martín Viso, al analizarlas como contacto socio-político, ha propuesto una tipología inicial sobre una serie de monasterios ubicados en el Bierzo. Distingue lo que él denomina monasterios locales surgidos de las sociedades locales, mayormente por iniciativas de élites aristocráticas radicadas en el Bierzo, de los monasterios genadianos, 10 DAVIES, op.","0",""
"T2-0172","100253833.txt","Leonardo-Loayza, Richard. Crónicas del yo mujer. Poliamor, maternidad y representación femenina en dos textos de Llamada perdida de Gabriela Wiener. Estudios de Teoría Literaria. Revista digital: artes, letras y humanidades, noviembre de 2020, vol. 9, n 20, pp. 24-37. Esta obra se encuentra bajo una Licencia Creative Commons Atribución-NoComercial-CompartirIgual 4. 0 Internacional. 1 Doctor en Literatura Peruana y Latinoamericana por la Universidad Nacional Mayor de San Marcos. Es profesor del Departamento de Literatura y de la Escuela de Posgrado en este mismo centro de estudios. Autor de La letra, la imagen y el cuerpo. Ensayos sobre literatura, cine y performance 2012 y El cuerpo mirado. La narrativa afroperuana en el siglo XX 2016, 2017. Editor de Poéticas sobre lo negro: literatura y otros discursos sobre lo afroperuano en el siglo XX 2013, Palabra de negro. 9 asedios a la narrativa afrolatinoamericana 2015 y Sobre la piel. Asedios a la literatura afrolatinoamericana 2019. Investigador RENACYT Grupo María Rostworowski - Nivel I, CÓDIGO RENACYT: P0019388. Contacto: rleonardolunmsm.edu.pe Richard Leonardo-Loayza Estudios de Teoría Literaria, 9 20, Crónicas del yo mujer. Poliamor, maternidad y representación femenina en dos textos de Llamada perdida de Gabriela Wiener: 24- Introducción eila Guerreiro explica que el periodismo narrativo es aquel que toma algunos recursos de la ficción estructuras, climas, tonos, descripciones, diálogos, escenas para contar una historia real y monta, con esos elementos, una arquitectura tan atractiva como la de una buena novela o un buen cuento sp. Este periodismo narrativo, también llamado periodismo literario Chillón 233, Kramer sp, Cuartero, El concepto 54, 2 tiene algunas manifestaciones particulares.","0",""
"T2-0173","10143934.txt","Ya otros investigadores nos han permitido percibir los ahogados tildes femeninos. Cristina Segura ha dado lu-ces de esta dinámica por medio de la figura de una tal Catalina de Belunia, mujer que, en torno a 1503, apeló ante la justicia de los Reyes Católicos por las agresiones propinadas por un funcionario de justicia por causa de su supuesto crimen contra natura Segura, 2006: 127-147. Hablamos de tildes, de pequeñas sonoridades, pues sería ilusorio considerar las fuentes criminales como reflejo directo de mentalidades femeninas y su espacio de representación. El mecanismo jurídico, institucional ambos con un desarrollo no menor para el siglo xV- y las subjetividades normadas de alcaldes y escribanos, han dado un tono homogéneo a las voces que representan. En base a lo dicho, en nuestro caso, a partir de la interlocución de las voces documentadas, a continuación buscaremos trazar los pasos de una mujer y su inte-racción con el espacio con sus comunes y la justicia regia. Así pues, nuestro análi-sis centrado en las fuentes citadas busca más bien escarbar en la pertenencia de una mujer sus prácticas cotidianas y no cotidianas y otros sujetos a un entorno inmediato a nivel local y a otro de carácter global, interconectados todos por re-laciones de fidelidad y la violación de la misma. Así pues proponemos como ejes de análisis: a El desplazamiento y la visita de una fembra; b de lo individual a lo colectivo; c de lo local a lo global y finalmente d la actuación judicial sobre el entorno asociativo: la rebeldía.","1",""
"T2-0174","100361163.txt","Editorial Discursividad en torno a lo femenino en el plebiscite in Barranquilla. An analysis from the press El presente trabajo tiene como objetivo dar cuenta de algunos discursos que surgieron en torno a lo femenino a partir de la primera participación de las mujeres barranquilleras en el plebiscito de 1957, que las legitimaría como ciudadanas y nuevos sujetos políticos en el país; con la intención de visibilizar y reflexionar sobre sus experiencias en la lucha por los derechos políticos y civiles en Colombia, y plantear algunas aproximaciones históricas sobre las prácticas que tuvieron lugar en la ciudad, con referencia a la conquista del voto de la mujer en la primera mitad del siglo XX. Palabras clave: Mujeres, Sujetos, Políticos, Plebiscito, Legitimizar. 1 Este trabajo fue elaborado como requisito para aprobar el Seminario Electivo: Mujer, Género e Historia, dictado por la historiadora Muriel Jiménez Ortega, en el marco de la realización del último semestre académico del Programa de Historia de la Universidad del Atlántico. 2 Estudiante de VIII semestre del Programa de Historia de la Universidad del Atlántico. cafon1994gmail.com 3 Estudiante de VIII semestre del Programa de Historia de la Universidad del Atlántico. dariofernandosierra91hotmail.com Discursividad en torno a lo femenino en el plebiscito de 1957 en Barranquilla. Un análisis desde la prensa Jesús Castro Fontalvo - Darío Sierra Miranda Existe un cuerpo de trabajos que abordan el fenómeno de la conquista del sufragio femenino y la lucha por los derechos civiles de las mujeres a nivel nacional e internacional, pero para el caso de Barranquilla, solo existen dos pequeños textos4, que aunque se constituyen como los primeros esfuerzos para acercarnos a esta temática, no representan un cuerpo de trabajo totalmente constituido sobre un proceso histórico tan importante y poco valorado hasta el momento en la historiografía regional y local.","0",""
"T2-0175","100254481.txt","También se ha di cho que tienen una importancia trascendental en la descentraliza ción política y el resguardo de la democracia local 5. En ese sentido, procura facilitar la participación de la ciudada nía en el proceso de toma de decisiones y en el control de los asun tos públicos; consolidar la cultura democrática participativa; mejo rar la eficiencia y la calidad de las prestaciones; implem entar medidas de equidad, redistribución y compensación de diferencias estructurales a favor de las zonas más desfavorecidas; preservar, re cuperar, proteger y difundir el patrimonio y la identidad cultural de los distintos pueblos; cuidar el interés general de la población y asegurar el desarrollo sustentable. 1. 3. La comuna como municipio. Su autonomía. 1 Si bien la Constitución de Córdoba no prevé expresamente el reconocimiento de autonomía de las comunas, se les reconoce una facultad de autogobierno, de administración, con recursos pro pios y elección directa de sus autoridades. 4 Resultan más que gráficas las expresiones de Alexis de Tocqueville, al afirmar comunales son a la libertad, lo que las escuelas primarias son a las ciencias; la ponen al alcance del pueblo; le hacen gustar su uso pacífico y lo habitúan a ser virse de ella. Sin instituciones comunales, una nación puede darse un gobierno libre, pero no tiene el espíritu de la libertad convencional Bulacio, Diario de Sesiones de la Convención Nacional Constituyente. 5 Mensa González, Andrea, en Ley Orgánica Municipal de la Provincia de Córdoba N 8102, Coord. Mensa González, Alveroni, Córdoba 2009, pág. 223.","0",""
"T2-0176","100360399.txt","Ya desde el primero de mayo, cuando el secretario de Guerra de los Esta-dos Unidos de Norte América, Henry L. Stimson, envía a la embajada ame-ricana en Caracas, particularmente a la agregaduría militar estadounidense, una efusiva felicitación al general Medina por haber sido electo presidente de Venezuela, se puede interpretar el nivel de jerarquía que el gobierno esta-dounidense otorgó al fuero militar venezolano y el interés particular sobre las relaciones bilaterales. El gobierno democrático que se inauguró aquel 5 de mayo de 1941 selec-cionó a uno de los diplomáticos que había tenido protagonismo en la Liga de Naciones y que sabría testificar sobre sus aciertos y errores. Caracciolo Parra Pérez, Doctor en Derecho por la Universidad de Los Andes, inicia su largo periplo diplomático en 1913 como miembro de la reciente estructurada Lega-ción de Venezuela en París ACMRE, 1913, siendo ascendido un año después a secretario ACMRE, 1914. Descollante de virtudes por una larga actividad diplomática, que le lleva a Italia en 1926 como ministro plenipotenciario en duros momentos para la sociedad italiana dominada por la autocracia de Be-nito Mussolini ACMRE, 1926, habría de sustituir a su amigo mentor Gil Borges al frente de la diplomacia venezolana. Desde las postrimerías de la campaña presidencial, la mirada detenida del gobierno norteamericano tenía en buena opinión la figura del general Medina Angarita. Así lo testifica la comunicación producida por la embajada esta-dounidense en Caracas al Departamento de Estado cuando se considera al 39La dinámica de las relaciones diplomáticas entre Venezuela y los Estados Unidos durante el gobierno del general Isaías Medina Angarita 19411945 Luis Manuel Marcano Salazarvirtual presidente como ...un hombre con capacidad y además respetado en las filas de las fuerzas armadas venezolanas NARA, 19401.","0",""
"T2-0177","10054972.txt","Km2 Potencial demográfico Proporción de población soporte 30-49 años Dinámica demográfica Natalidad Tasa Bruta de Natalidad Mortalidad Tasa Bruta de Mortalidad Evolución Tasa de Crecimiento Acumulativo 2001-2017 Fuente: Elaboración propia. 208 de Cos, O., Reques, P. Investigaciones Regionales Journal of Regional Research, 45 20193, 201-225 ISSN: 1695-7253 e-ISSN: 2340-2717 A todos estos criterios podría haberse añadido el poblamiento, esto es, el grado de dispersión de la población en el territorio. Sin embargo, esta variable, aunque fue inicialmente contemplada, se descartó de la propuesta metodológica final ya que los elevados valores observados en Galicia y Asturias, con sus 30. 139 y 6. 944 entidades de población respectivamente, invalidaba el análisis multicriterio de conjunto, derivando una subestimación general de los niveles de vulnerabilidad territorial para el conjunto del país. Tras la selección y preparación de los factores se establece un sistema de pesos de los factores en tantos por uno, basado en la consideración de importancias relativas desiguales en los criterios que inter-vienen en el modelo. De hecho, se puede llegar a plantear que la ponderación es una de las ventajas claves de la evaluación multicriterio en cuanto que permite establecer unos pesos desiguales estimados en tantos por uno, que participan decisivamente en el proceso de compensación de unos factores con otros De Cos, 2007. En esta fase, con la finalidad de evitar subjetividades del equipo investigador que repercutan en etapas posteriores, se establecen los pesos de los factores a partir de una matriz simétrica de comparación por pares. Concretamente, para el desarrollo de este estudio se cuenta con la participación de un panel de expertos integrado por gestores de distintas Reservas de la Biosfera de España, que tuvo lugar en el contexto del Seminario Proceso de despoblación en la Red Española de Reservas de la Biosfera3.","1",""
"T2-0178","10025871.txt","1 GRADO DE MAESTRO EN EDUCACIÓN PRIMARIA CURSO ACADÉMICO: 2017-2018 CÓMO APRENDEN LOS ESTUDIANTES EN FINLANDIA HOW STUDENTS LEARN IN FINLAND Autor: Paula Moreno Argos Director: Mario Fioravanti Villanueva 02072018 2 RESUMEN En este trabajo analizaremos brevemente algunos de los factores que hacen que el sistema educativo de Finlandia se haya convertido en uno de los más exitosos. Conoceremos sus características y estructura, el papel del alumno y el profesor en el aula, y analizaremos alguno de los resultados que se han obtenido en los Informes PISA. Se llevará a cabo una comparación con otros sistemas educativos, en especial el de España, y se expondrán los aspectos claves que tiene el sistema educativo finlandés en su conjunto. PALABRAS CLAVE: sistema educativo, profesorado, Finlandia, alumnos, éxito. Introducción del país de estudio: Finlandia---------------------------------------5 4. El modelo educativo finlandés actual: características y estructura--------6 4. 1. La Educación Preescolar-----------------------------------------------------7 4. 2. La Educación Básica----------------------------------------------------------8 4. 3. La Educación Secundaria---------------------------------------------------10 4. 4. La Educación Superior Universitaria-------------------------------------11 5. Formación del profesorado----------------------------------------------------------12 6. El currículo del sistema educativo de Finlandia--------------------------------14 7. El método de trabajo en las aulas-------------------------------------------------17 8. La evaluación---------------------------------------------------------------------------19 9. Informes PISA--------------------------------------------------------------------------20 10. Comparación con otros sistemas educativos-----------------------------------25 11. El éxito del modelo educativo finlandés------------------------------------------29 12. Conclusiones ---------------------------------------------------------------------------32 13. Bibliografía ------------------------------------------------------------------------------34 14. Anexos -----------------------------------------------------------------------------------38 4 1. INTRODUCCIÓN En cualquier país, la educación es un aspecto básico que se ha de tener en cuenta y en el que hay que poner delicada atención, ya que a través de los primeros aprendizajes se está formando a unos ciudadanos que serán las futuras generaciones del país.","1",""
"T2-0179","10171485.txt","ellos son blancos11. ellos sí son de esta ciudad11.ellos sí son de aquí de la capital10. porque son ciudadanos11. ellos no son sinónimo de peligro12. ellos no representan el peligroFuente: elaboración propia. 242 Boletín de Antropología, Vol. 33 N.o 56, julio - diciembre de 2018. Universidad de AntioquiaLa segunda parte del discurso comienza nuevamente con una pregunta retóri-ca: Y por qué a ellos no los requisás?. Esta pregunta tiene la función de reclamar que la requisa se haga a él y no a los otros, y a la vez instituye la figura política del nosotros en contraposición al ellos. La pregunta revela una presuposición: existen razones para decidir requisar a unas personas y a otras no. La autorrespuesta porque ellos son blancos es una premisa de argumentación que implica que el color de la piel los exime de algo y a su vez les otorga algo; en este caso, y en coherencia con la frase siguiente, porque son ciudadanos, los exime de una requi-sa y les otorga una ciudadanía, es decir, el derecho a tener derechos. Bajo la perspectiva del análisis de la coherencia local, en lo que sigue del discurso se establece una serie de explicaciones, repeticiones y confirmaciones que se dan sobre la base de conocimientos generalizados, en este caso, sobre el racismo. En la expresión porque ellos sí son de esta ciudad, el hablante devela su condi-ción de migrante, así como la de muchos afrodescendientes que han llegado a las grandes ciudades desplazados por el conflicto armado interno colombiano o, en el mejor de los casos, buscando mejores condiciones de vida.","1",""
"T2-0180","10134948.txt","2. MODELO CELULAR INFECTADO DE LARGA VIDA 37Variación de células M no infectadas: el primer término, sM , corresponde ala tasa de producción de estas células por parte de distintas fuentes del organismo,el segundo a su eliminación a una tasa dM , y el último se corresponde con la deinfección de las mismas a razón kMV t y que afecta de forma negativa puesto quedejan de ser no infectadas. Variación de las células M infectadas: se introduce un factor que afecta de formapositiva en relación a la infección de nuevas células Mt y un término negativocorrespondiente a la muerte de estas células a una tasa μM . Variación de la carga viral: en esta ecuación se añade el término pMMt corres-pondiente a la producción de partculas vricas por parte de las células M infectadas. De nuevo, asumiendo que los pacientes infectados se encuentran en estado estacionario ypor tanto en t 0 se tiene que dVdt 0, dT dt 0, dMdt 0, podemos obtener lassiguientes relaciones entre los parámetros: T 0 kV0T0δ, M0 kMV0M0μM, cV0 NδT0 pMM0 4. 1Ahora, si la efectividad de ambos inhibidores proteasa y RT es del 100 , la capacidad deinfección a nuevas células se anula totalmente y por tanto k kM 0 . Además podemosdividir la población de viriones en dos grupos, aquellos que tienen capacidad de infecciónporque fueron creados antes de que comenzase la terapia, VIt, y las nuevas partculasvricas creadas después de la inhibición sin capacidad de infectar células, VNIt, de modoque V t VIt VNIt.","0",""
"T2-0181","10132469.txt","Estos sistemas de análisis comercial ampliamente extendidos podemos encontrarlos en los sistemas de análisis de los principales navegadores de la red como Google y en aplicaciones de índole sanitaria como son los estudios de aplicaciones terapéuticas sanitarias de the Real World Evidence con una gran aplicabilidad directa por lo preciso de su capacidad de valorar en vivo los datos obtenidos y la variabilidad de los mismos, con capacidad de predicción y anticipación muy significativas. Viabilidad de Fisiohealth 21 8. Proceso operacional Dado que nosotros ofrecemos un servicio al paciente, explicaremos el proceso que deben realizar desde que entran en la web hasta que les atiende un profesional de la fisioterapia. Primeramente, se realiza una búsqueda del tratamiento y del fisioterapeuta, para ello hay tres modos de realizarla para poder completar la reserva: - La primera forma, es la tradicional en estas páginas, el usuario de la web, es decir, el paciente, filtra los resultados por zona y tratamiento que necesita, y escoge con qué fisioterapeuta reservar cita. Aquí le aparecerá un apartado para indicar sus síntomas, lo que ayudará a que el fisioterapeuta realice un correcto diagnóstico para llevar a cabo el tratamiento adecuado, sino rellenase este apartado, una vez realizada la reserva el fisioterapeuta llamará a dicho paciente para que le explique los síntomas y así poder proporcionar un servicio de calidad a los clientes. - Otra forma, es mediante el número de teléfono que aparecerá en la página, que le comunicará con uno de nuestros administrativos y ellos realizarán el proceso completo de reserva, en lugar del paciente.","1",""
"T2-0182","100358127.txt","Nuestra conclusión apunta a la gran dificultad de gobernar de un gobierno de izquierda que, en este caso, no pudo mantener sus promesas fundamentales y cómo los ciudadanos pueden ejercer un voto de castigo y optar por nuevas opciones. Se mantiene, además, la pregunta sobre el nuevo proyecto de país que representa la figura emergente del nuevo presidente electo. PALABRAS CLAVE: El Salvador, elecciones, democracia, desarrollo. ABSTRACTEvery five years presidential elections are held in El Salvador, in the Central American region. Elections for deputies and municipal presidents are held every three years. Two consecutive periods of the government of the Farabundo Martí National Liberation Front FMLN in the country 2009 to 2019 showed that the leaders of this former guerrilla organization failed in their proposal for economic and political development. The 2018 legislative elections then showed that they could lose the presidency for the national elections of the following year. And, indeed, a new political option emerged for the country with the election of the new president Nayib Bukele in 2019. After the terrible war conflict of 1970s and 1980s, the ultra-right Republican Nationalist Alliance ARENA governed El Salvador for 20 years; but finally, the FMLN conquered the support of the people in 2009. Using a method of documentary analysis books, articles, surveys and statistics and interviewing researchers on the Central American area, we tried to find out why the FMLN option, which had been a guerrilla organization and could have had the presidency of the country, caused a disenchantment in the population after two consecutive periods of government.","0",""
"T2-0183","10024078.txt","CorpusVol 4, No 1 2014Enero Junio 2014................................................................................................................................................................................................................................................................................................ Benita Herreros Cleret de LangavantReseña de: La indianización. Cautivos,renegados, hommes libres ymisioneros en los confines americanosS. XVI-XIX, de Salvador Bernabéu, Christophe Giudicelli y Gilles Havardcoords.. Madrid, Doce Calles, 2012. 401 p. ISBN: 9788497441384................................................................................................................................................................................................................................................................................................ AdvertenciaEl contenido de este sitio está cubierto por la legislación francesa sobre propiedad intelectual y es propiedad exclusivadel editor. Las obras publicadas en este sitio pueden ser consultadas y reproducidas en soporte de papel o bajo condición deque sean estrictamente reservadas al uso personal, sea éste científico o pedagógico, excluyendo todo uso comercial. La reproducción deberá obligatoriamente mencionar el editor, el nombre de la revista, el autor y la referencia deldocumento. Toda otra reproducción está prohibida salvo que exista un acuerdo previo con el editor, excluyendo todos los casosprevistos por la legislación vigente en Francia. Revues.org es un portal de revistas de ciencias sociales y humanas desarrollado por Cléo, Centre pour léditionélectronique ouverte CNRS, EHESS, UP, UAPV................................................................................................................................................................................................................................................................................................. Referencia electrónicaBenita Herreros Cleret de Langavant, Reseña de: La indianización. Cautivos, renegados, hommes libres ymisioneros en los confines americanos S. XVI-XIX, de Salvador Bernabéu, Christophe Giudicelli y Gilles Havardcoords.. Madrid, Doce Calles, 2012. 401 p. ISBN: 9788497441384 , Corpus En línea, Vol 4, No 1 2014, Publicado el 30 junio 2014, consultado el 01 julio 2014. URL : http:corpusarchivos.revues.org750Editor : Diego Escolarhttp:corpusarchivos.revues.orghttp:www.revues.orgDocumento accesible en línea desde la siguiente dirección : http:corpusarchivos.revues.org750Document generado automaticamente el 01 julio 2014. Licencia Creative Commons: Atribución-NoComercial 2. 5 Argentina CC BY-NC 2. 5 ARReseña de: La indianización. Cautivos, renegados, hommes libres y misioneros en los con ... 2Corpus, Vol 4, No 1 2014Benita Herreros Cleret de LangavantReseña de: La indianización.","0",""
"T2-0184","10038912.txt","6226Ansola, A. 2018. Un ensayo metodológico de caminería y geografía históricas en el valle de Lamasón Cantabria Cuadernos Geográficos 573, 200-221Résumé: Un essai méthodologique de routes et géographie historique dans la vallée de Lamasón CantabriaAprs avoir fait un examen des différentes approches des études historiques de routes développées en Espagne, une nouvelle approche dintégration entre routes historiques et la géographie historique du paysage a mené une enqute dans la vallée de Lamasón Cantabria. Méthodo-logie caractérisée par aller tout réseau routier á fait aux parties routes, pour développer une approche régressive de lavant vers larrire et combiner des sources documentaires et archéolo-giques, et qui a permis de reconstruire lancien réseau routier historique de présenter et détude de tous ses vestiges. Les résultats sont considérés comme trs positifs dans les études de routes historiques, mais en géographie historique du paysage des objectifs ne sont pas atteints du tout au début. Néanmoins, encore considéré comme le plus approprié pour létude des réseaux routiers historiques et de leur interrelation avec des éléments du paysage. Mots-clés: Historique routier; géographie historique du paysage; larchéologie du paysage. 1. IntroducciónLos estudios de caminería histórica en España, como por lo demás en otros países del entorno inmediato, no se han caracterizado precisamente por haber alcanzado una cierta homogenei-dad científica y metodológica. Las investigaciones que han tenido como objeto específico a los caminos históricos, o si se prefiere a la historia de los caminos, no sólo han surgido de orígenes disciplinarios muy diversos, entre los que cabe destacar los de la geografía, la ingeniería, la ar-queología o la historia, sino que han partido de planteamientos muy dispares, tanto en el método de trabajo seguido, más documental o más arqueológico según los casos, como en el tipo de vías y en las épocas históricas abarcadas.","0",""
"T2-0185","100253716.txt","Comité académico Nancy Bedford Garrett-Evangelical Theological Seminary, USA; e Instituto Universitario ISEDET, Argentina; Horacio Cerutti Universidad Nacional Autónoma de México, México; Rogelio De La Mora V. Universidad Veracruzana, México; Carlos Domínguez Morano Facultad de Teología de Granada, España; Diego Fonti CONICET, Universidad Católica de Córdoba, Argentina; Francesca Gargallo Universidad Autónoma de la Ciudad de México, México; Noemí Girbal CEAR. Universidad Nacional de Quilmes, Argentina; Marcelo González Universidad Nacional de San Martín, Argentina; Francis Gonsalves Vidyajyoti College, India; Michael Lwy Directeur de Recherche émérite du CNRS, Francia; Eduardo Mattio Universidad Nacional de Córdoba, Argentina; Martín Morales Pontificia Universidad Gregoriana, Italia; Beatriz Moreyra CONICET, Universidad Nacional de Córdoba, Universidad Católica de Córdoba, Argentina; Guillermo Nieva Ocampo Universidad Nacional de Salta, Argentina; Gustavo Ortiz Universidad Católica de Córdoba, Argentina ; Lila Perren Universidad Católica de Córdoba, Argentina; Germán Plasencia Colegio de Saberes, México; Pablo Quintanilla Pontificia Universidad Católica del Perú, Perú; Eugenio Rubiolo Universidad Católica de Córdoba, Argentina; Aaron Saal Universidad Nacional de Córdoba, Argentina; Héctor Samour Universidad de Centroamérica José Simeón Cañas, El Salvador; Arturo Sandiano Universidad Católica de Córdoba, Argentina; Carlos Schickendantz Universidad Alberto Hurtado, Chile; Daniel Vera Universidad Nacional de Córdoba. Universidad Católica de Córdoba, Argentina. Revista Pelícano Facultad de Filosofía y Humanidades - Universidad Católica de Córdoba Sede Centro. Obispo Trejo 323 Bo Centro. X5000IYG - Córdoba - Argentina Tel. 54 351 4219000. Correo: pelicanouccor.edu.ar - Sitio web: pelicano.ucc.edu.ar Revista Pelícano Vol. 2. pelicano.ucc.edu.ar Agosto 2016 Córdoba. Orientaciones para la presentación de trabajos Esta revista de la Universidad Católica de Córdoba es una publicación periódica anual de artículos de investigación científica, originales y de revisión, sobre temáticas de Historia, Psicología, Filosofía, Letras y Ciencias de las Religiones, escritos por investigadores de la propia institución y externos a ella.","1",""
"T2-0186","100254326.txt","La experiencia belga de planificación flexible por Y. Seghin 1. Una experiencia original e interesante Parafraseando un célebre título de película se podría exclamar: Plani fication belge? connais-pas! Planificación belga?, no la conozco!. Este desconocimiento es a la vez comprensible y lamentable. Bélgica ne posee instituciones comparables al Gossplan soviético o al Commissariat franais au Plan. Bélgica no ha dado al mundo publi caciones ni expertos en planificación. Es que la planificación es un poco la imagen del país: empírica, libre de a priori y de pretención, ansiosa de compromiso y de diálogo. Y, sin embargo, la experiencia belga es digna de interés: ella muestra cómo una sociedad organizada ha podido adaptar una técnica de política económica y social a sus necesidades. Ella m uestra tam bién pistas de reflexión para aquellos que buscan m ejorar sus métodos de crecimiento y de desarrollo. Bélgica ha retenido de la Planificación si elemento esencial una metodología nueva de gobierno . N unca ha cedido al mito de la solución milagrosa ni a los snobismos del academicismo o de la tecnocracia. N unca ha creído que la preparación del futuro dependiera de brillantes estudios preciosistas de fulgurantes demostraciones numéricas, ni que un pueblo pudiera abandonar la responsabilidad de su destino en manos de técnicos, por competentes y bien intencionados que pudieran ser. Y esto explica aquello. Si los Planes belgas siguen siendo documentos modestos e indicativos, al menos no figuran en las bibliotecas donde el polvo recubre Planes ambiciosos que engendran ilusiones y decepciones.","1",""
"T2-0187","10086225.txt","Todos los autores Alemán Sánchez et al. , 2016; Alemán Sánchez et al., 2017; Pedrosa Robles et al., 2016, 2017; Sáez Rodríguez, 2012 exponen propuestas de gran valor pedagógico ya que presentan a los docentes actividades que favorecen la consecución de distintas habilidades motrices. La limitación principal de los artículos señalados es que no incluyen una valoración de los puntos débiles o posibles problemas para la puesta en práctica de sus planificaciones. Por su parte, el trabajo elaborado por Cuesta Crespo et al. 2016 muestra un programa que desarrolla conjuntamente habilidades motrices y sociales. Al igual que los autores anteriores, consideran el juego como uno de los principales recursos metodológicos en la implementación de las sesiones y añade otros métodos como los rincones, circuitos y cuentos motores. Estos últimos métodos refuerzan la utilización del juego en el área de Educación Física puesto que los circuitos y cuentos motores son empleados por los docentes y vistos por los niños como actividades y retos lúdicos a través de los que desarrollan diferentes capacidades motrices en un ambiente distendido. Además, Cuesta Crespo et al. 2016 muestran la planificación de una sesión centrada en habilidades motrices, quedándose en un artículo de aporte teórico como los presentados por los autores anteriores Alemán Sánchez et al. , 2016; Alemán Sánchez et al., 2017; Pedrosa Robles et al., 2016, 2017; Sáez Rodríguez, 2012. Por otro lado, la propuesta presentada por Canto Jiménez et al. 1998 expone una metodología globalizadora que atienda las individualidades de los niños, aportando pautas específicas para los docentes como secuenciar las sesiones de lo fácil a lo complejo, exponer una gran variedad de tareas o utilizar el juego simbólico, la experimentación y el descubrimiento como medio de aprendizaje, basando sus planteamientos de manera directa con la metodología y áreas de conocimiento recogidos en el Real Decreto 13301991, de 6 de septiembre, por el que se establecen los aspectos básicos del currículo de la Educación Infantil.","1",""
"T2-0188","100254641.txt","Revista Pelícano Vol. 5. El vuelo del pelícano pelicano.ucc.edu.ar Agosto 2019 Córdoba Karlijn Demasure karlijndemasuregmail.com Prof. Dra. Karlijn Demasure es Directora Ejecutiva del Centro de Protección infantil del Instituto de Psicología en la Universidad Pontificia Gregoriana de Roma. Antes fue Decana de la Facultad de Filosofía y de Ciencias Humanas de la Saint Paul University, Ottawa, Canadá. La política del significado: discursos sociales sobre el abuso sexual de niños y su influencia en la iglesia católica The Politics of Meaning: Societal Discourses on the Sexual Abuse of Children and Their Influence on the Resumen Este artículo sobre el abuso sexual de niños contribuye a comprender el cambio del enfoque desde los perpetradores que niega la voz de las víctimas, incluso al punto de considerar a las víctimas como delincuentes sexuales responsables por su abuso, a un enfoque de las víctimas primero. La iglesia católica ha sido fuertemente influenciada por los principales discursos en la sociedad que dan poder a los psiquiatras, terapeutas y trabajadores sociales. Sin embargo, con respecto al abuso clerical en la iglesia, se pueden identificar dos discursos distintos. En el primero, el pecado se considera causa del abuso, reduciéndolo a una 1 Traducción del inglés al español a cargo de Diego Fonti. Texto original: Karlijn Demasure 2019. The Politics of Meaning. Societal Discourses on Sexual Abuse of Children and their Influence on the Catholic Church. In Vhkangas A., Angel S., Helboe Johansen K., eds. , The Politics of Space and Body. Reforming Practical Theology, International Academy of Practical Theology Conference Series IAPT.","0",""
"T2-0189","10147589.txt","Pero entre ambos se desarrollan varias escamas menores, como si fueran astillas del ca-balgamiento principal y, a su vez, fragmentadas por fallas secundarias transversales. Entre las dos fracturas oNo-ESE que guían las ca-nales de San Carlos y Mancorbo, se desarrolla un inter-fluvio de crestas muy recortadas, un espinazo formado en las distintas escamas menores, que parten del Pico de San Carlos 2. 212 m y es el que representa Carlos de Haes en dos de sus cuadros, La Canal de Mancorbo y Nieblas. Desde su culminación, constituida en las calizas masivas Fm. Picos de Europa, hay un talud labrado en la caliza de montaña Fm. Barcaliente hasta la Horca-da de la jonfría 1. 982 m y su canal transversal, base de la escama menor y la línea de fractura que cabalga, a su vez, a la escama siguiente. Se inicia esta con las torres de El Castillín 2. 025 m y la jonfría 2. 064 m, de nuevo en las calizas Fm. Picos de Europa, y se desarrolla hacia la Torca 1. 914 m y el Robru 1. 836 m, ya en las calizas de montaña Fms. Valdeteja y Barcaliente. En sus ver-tientes escarpadas hacia el sur-suroeste, hacia Mancor-bo, se desarrollan los frentes de las crestas de las Crieras Bajera y Cimera, motivo central del cuadro de Haes. El interfluvio continúa en las calizas hasta encontrar el quiebro y encajamiento del río Cocildún en la Gárgola. Este brusco cambio de rumbo, de 90o, facilitado por el encuentro y aprovechamiento de un cruce de fracturas, es el que le permite conectar con la Canal de Mancorbo.","1",""
"T2-0190","10159816.txt","0, centrada en el dato ysoportada por un conjunto de servicios que proporcionanla gestión y monitorización de la plataforma.- La definición de un metamodelo que recopila ladescripción de todos los elementos involucrados en unaplataforma digital compatible con RAI4. 0 datos,recursos, cargas de trabajo y métricas, así como lainformación necesaria para configurar, desplegar y ejecutar aplicaciones cargas de trabajo en él. - Una herramienta compatible con el metamodelo RAI4. 0que automatiza el despliegue de sistemas RAI4. 0mediante la generación de archivos de configuración ylanzamiento y su correspondiente transferencia yejecución en los nodos de la plataforma. El artículo está organizado del siguiente modo: la sección 2 recoge los requisitos de diseño que una plataforma digital I4. 0 debe satisfacer a partir del análisis de la literatura y comenta trabajos próximos a nuestra propuesta. La sección 3 describe nuestra arquitectura de referencia RAI4. 0. La sección 4 explica detalladamente el metamodelo RAI4. 0, tanto a nivel independiente de las tecnologías, como su extensión específica para un conjunto de tecnologías Apache. La sección 5 describe la herramienta para la configuración y despliegue de la plataforma digital, exponiendo las ventajas que proporciona. La sección 6 presenta un caso de estudio para mostrar la validez de nuestra propuesta. Finalmente, la sección 7 resume las principales aportaciones del trabajo y esboza las líneas de trabajo futuro. 2. Arquitecturas Big Data para la I4. 0En esta sección se especifican los requisitos de diseño que una plataforma digital I4. 0 debe satisfacer a partir del análisis de la literatura.","1",""
"T2-0191","100253298.txt","Por ello, el principio pro persona gobierna el contenido central del orden social justo. Se presenta un vasto campo de las ciencias sociales, que abarca fenómenos tales como las legislaciones que protegen la figura de la víctima, las garantías constitucionales, el derecho a la intimidad, el principio de no discriminación y el acceso a grupos marginados y vulnerables al goce de la justicia distributiva. Dichas conquistas enaltecen la dignidad humana. Tiene once capítulos. La estructura es adecuada, equilibrada y ordenada. Se induce a un mundo jurídico con elementos cristianos. A lo largo de la lectura, se observa un etilo coherente, filosófico y contundente, para generar convencimiento acerca de la posición adoptada. El capítulo número uno se denomina Sagrada escritura y derechos humanos. La sagrada escritura evidencia la aparición de derechos humanos. Es cierto que la terminología no es Profesor de la Facultad de Ciencias Jurídicas, Políticas y Sociales de la Universidad del Norte Santo Tomás de Aquino UNSTA. Correo electrónico: leandroeleteryahoo.com.ar propia de la Edad Antigua. No obstante, ello, las acciones descriptas, en diferentes citas bíblicas, demuestran la protección de la condición de persona. El cristianismo es una religión que incentivó las relaciones entre los seres humanos desde la comprensión y el respeto. Así, la aparición de un Dios humilde y justo, cambió la concepción y percepción de la realidad. Se observa una comparación entre las conductas religiosas y derechos reconocidos. Las causas de vulnerabilidad tales como la discapacidad, la pertenencia a comunidades minoritarias, la victimización, la pobreza y la marginalidad constituyen cuestiones narradas en la Santa Biblia.","0",""
"T2-0192","100255782.txt","Resultados de la regresión variable dependiente expresado en ln1. R2 0, 399 Variable Coeficiente Error estándar Estadístico t pt Área de Investigación: Incorporación de valor William Viera-Arroyo, Víctor Sánchez-Arizo, Jorge Merino-Toro y Juan Domínguez-Andrade Este análisis muestra que las publicaciones científicas de INIAP en su mayoría se encuentran en revistas indexadas con índice SJR. La colaboración internacional tiene un rol relevante para la citación de los documentos generados. El área de investigación con más potencial de citación fue incorporación de valor agregado a la producción agropecuaria, enfoque actualmente priorizado por el INIAP. La participación de la mujer en la producción científica del Instituto ha mantenido un porcentaje estable durante el periodo analizado en este estudio, aunque se mantiene bajo comparado con el promedio en Latinoamérica, sin embargo no es el menor porcentaje en la región. Con base en los resultados obtenidos, se recomienda el idioma inglés para la escritura de las publicaciones para obtener un mayor impacto en la comunidad científica con el uso de la información generada. 5. AGRADECIMIENTOS Los autores agradecen al Instituto Nacional de Investigaciones Agropecuarias por el apoyo y financiamiento de este estudio. Agradecemos al Dr. Lenin Ron de la Universidad Central del Ecuador por su colaboración en el análisis estadístico. ACKNOWLEDGEMENTS Authors thanks to the National Agricultural Research Institute for supporting and financing this study. We thank Dr. Lenin Ron from Central University of Ecuador for his support in the statistical analyses. 6. REFERENCIAS Abramo, G.; DAngelo, C. A.; Solazzi, M. 2011. The relationship between scientists research performance and the degree of internationalization of their Ahuja, G. 2000.","1",""
"T2-0193","10002121.txt","Con este estudio se pretende aportar un grano de arena más a esa corriente de recuperación de la memoria oral de España, en este caso centrado en la ciudad de Santander, para que esos testimonios recuperen su valor patrimonial, para que el ciudadano español recupere su protagonismo en su propia historia y para que, sobre todo, las futuras generaciones no olviden lo que vivieron y cómo lo vivieron sus antepasados. Que me han abierto su casa o su tiempo para que estos susurros, estas personas y recuerdos que sufrieron la represión franquista en Santander, no se pierdan en el tiempo. A Antonio Ontañón, Beatriz Araceli Sainz, Carmen Gutiérrez, Eusebio Reguilón, Marisol González, Marta Peredo, Merche Reguilón y Pedro Morán. Gracias a todos. Salud y Memoria. A mi director y profesor, Eloy Gomez Pellón por su inestimable orientación, apoyo y por sus extensas y siempre provechosas tutorías. Y, ante todo, por haber compartido conmigo la pasión por el conocimiento de unos acontecimientos que reclamaban todo nuestro interés. A la asociación Desmemoriados, por acogerme, orientarme a la hora de buscar informantes y de realizar entrevistas. Y a la labor que realizan altruistamente para que la memoria de Cantabria no se pierda. A Elsa Miguel Gutiérrez, a Chato Galante, a Irene Díaz Martínez y a Rubén Darío Norniella por su acogida, sus inestimables consejos y ayuda aportadas siempre que lo requerí. A mi madre y hermana por haber confiado en mí y por haberme prestado todo su apoyo durante esos largos e interminables días de transcripción y de trabajo cuyo quehacer se prolongó durante varios meses.","0",""
"T2-0194","101013307.txt","71 MPa y una desviación estándar de 20. 99 MPa, lo cual representa un incremento significativo respecto a lo reportado por otros autores. La distribución experimental de MPa, que se emplea habitualmente, corresponde a un fractil del 5 , aproximadamente. La carga última varía en función del diámetro, fluctuando entre 91. 23 N y 638. 63 N, con un promedio de 240. 90 N, una moda de 149. 11 N y una desviación de 105. 76 N. Se propone una variación de la carga última en función del diámetro de forma potencial Figura 10, Ecuación 2. Las tendencias registradas coinciden en buena medida con las descritas previamente, considerando que los coeficientes de correlación obtenidos son mayores a los reportados, así Donde, σ t es la resistencia a la tracción en MPa y d es el diámetro de la raíz no tensionada en milímetros. La distribución experimental de la resistencia puede ajustarse a un comportamiento normal Tabla 6 y Figura 13. En ella se destacan varios elementos importantes, en primer lugar que el valor del percentil 50 en la distribución experimental corresponde a 115. 84 MPa, mientras que la media teórica es 118. 50 MPa, lo que representa una diferencia cercana al 2 . Adicionalmente, se destaca que el 95 de los datos experimentales obtenidos en toda la muestra se concentra en el rango comprendido entre 76. 5 y 160. 5 MPa. En general, se observa que los valores de resistencia obtenidos son superiores a los reportados por distintos autores 1, 9, 13, 17, pero similares a los indicados por Méndez, et al 10, destacando que en este caso se procesaron un número significativamente mayor de muestras y plantadas en diferentes tipos de suelos.","1",""
"T2-0195","100253470.txt","Semblanza del Padre Pedro Arrupe, SJ Pedro A rrupe nació en B ilbao, en el País Vasco, el 14 de N o viembre de 1907. Al igual que San Ignacio de Loyola, fue un vas co universal, un hombre de mirada larga y horizontes amplios, sen sible y abierto a los problem as de su tiempo, y preocupado desde muy joven por la justicia, en un mundo tan falto como necesitado de ella. Com o Pablo de Tarso, al que él tanto adm iraba, Pedro Arrupe escuchó la invitación de Jesús a seguirlo y hacer suya la Causa del Reino; ese Reino de Dios en el que resplandecen la Paz, la Justicia, la Verdad y el Amor, en el que hay un lugar digno para cada ser hu mano, y por el que Jesús dio la vida. En sus años juveniles, siendo estudiante de M edicina e im pac tado por las experiencias de contacto con la realidad de la pobre za y la marginación en un barrio de la periferia de Madrid, y con movido también por el sufrimiento que vio en los enfermos en una visita que realizó a Lourdes, Pedro Arrupe decidió dejar los estu dios de M edicina para ingresar en el Noviciado de los jesuítas, en 1927. A los pocos años, con la expulsión de España de los jesuítas en la Segunda República, conoció la experiencia del destierro, y dió un paso decisivo en orden a convertirse en un hombre universal. 1 Palabras pronunciadas en el marco de la bendición e inauguración de la Sede Edilicia del Servicio Social Jurídico Notarial.","0",""
"T2-0196","10117793.txt","Este enfoque coincide con la tipología de la afluencia de turistas internacionales a España. En los últimos años, la búsqueda de un sector del turismo desarrollado fuera del sol y playa ha centrado el interés de las Comunidades Autónomas en el encuentro de productos más orientados a la cultura. De esta manera, consiguen ampliar y completar su oferta turística y afirmar que el patrimonio, tanto material como inmaterial, es una forma de atraer a un tipo de visitante que busca nuevas experiencias, conocimiento y autenticidad. El objetivo principal de este Trabajo es conocer el protagonismo de la literatura de Miguel de Cervantes Saavedra en la promoción turística-cultural de Castilla-La Mancha, ya que parece ser inevitable la unión entre literatura y turismo en el ámbito promocional de la región. Por ejemplo, en El Quijote y la publicidad: una aproximación turística diferente Cano Figueroa 2015 se expone que obras literarias como El Quijote suponen un aliciente a conocer la comunidad castellano-manchega, donde este personaje vivió aventuras y, sobre todo, desventuras. Y, al mismo tiempo que la publicación potencia el destino, el destino anima a la lectura de la novela de Cervantes. Es por ello por lo que, a partir de 2005, Castilla-La Mancha comienza a entrelazar de manera poco disimulada a Miguel de Cervantes y sus obras en su promoción turística, de manera que se intenta vincular el concepto de la Ruta de Don Quijote con una imagen de marca sólida y consistente. El turismo literario-cultural, en este caso, es rural también, ya que busca que la población local se beneficie de él.","1",""
"T2-0197","10030630.txt","Escuela Técnica Superior de Ingenieros de Caminos, Canales y Puertos. UNIVERSIDAD DE CANTABRIA Trabajo realizado por: Pablo Setién González Dirigido: Isidro Alfonso Carrascal Vaquero Alejandro Pérez Núñez Titulación: Grado en Ingeniería Civil Titulación: Construcciones Civiles Santander, Septiembre de 2018 TRABAJO FINAL DE GRADO PLACA DE ASIENTO METÁLICA PARA SUPERESTRUCTURA FERROVIARIA DE ALTAS PRESTACIONES. PLACA DE ASIENTO METÁLICA PARA SUPERESTRUCTURA FERROVIARIA DE ALTAS PRESTACIONES 1 Índice 1. Introducción y objetivos ...................................................................................................... 3 1. 1 Placas de asiento. Características y misión dentro de la superestructura ferroviaria .................................................................................................... 3 1. 2 Objetivos del estudio ......................................................................................................... 6 2. La sujeción ................................................................................................................................... 7 2. 1- Definición y características de la sujeción ............................................................... 8 2. 2- Componentes y clasificación de las sujeciones ................................................... 10 2. 2. 1- Clasificación de las sujeciones según los elementos que las forman y su colocación ................................................................................................................................... 11 2. 2. 2- Clasificación de las sujeciones según la naturaleza de los elementos básicos .......................................................................................................................................... 13 2. 2. 3- Clasificación de las sujeciones según su forma de trabajo ............................. 14 2. 3- Principales sistemas de sujeciones presentes actualmente en España y sus correspondientes placas de asiento .......................................................................... 15 2. 3. 1- Sujeción RN ..................................................................................................................... 15 2. 3. 2- Sujeción P-2 .................................................................................................................... 18 2. 3. 3- Sujeción J-2 ..................................................................................................................... 21 2. 3. 4- Sujeción NABLA ............................................................................................................ 23 2. 3. 5- Sujeción PANDROL ....................................................................................................... 26 2. 3. 6- Sujeción HM SKL 1 .................................................................................................... 30 2. 4- Infuencia de la placa de asiento en el deterioro de la vía .............................. 33 3. El material ................................................................................................................................ 36 4.","0",""
"T2-0198","10025603.txt","En numerosas ocasiones me los encuentro en un parque jugando con una Tablet o el móvil de un familiar adulto. Con esta propuesta no solo pretendo que los niños mejoren sus capacidades físicas para mejorar su salud, sino que, además, me gustaría darles recursos que puedan llevar a la práctica durante su tiempo libre, que los empleen para interactuar y socializar con sus iguales de una forma alternativa a como lo hacen ahora. Por tanto, es tarea nuestra dotar a los alumnos de herramientas para que puedan tener un entretenimiento activo y para ello, es importante ofrecerles diferentes formas de juego para trabajar una capacidad en concreto. Otra de las razones por las que es importante trabajar las diferentes CFB Capacidades Físicas Básicas es su influencia positiva en los diferentes procesos cognitivos. Diferentes estudios que detallaré más adelante han demostrado que la realización de una práctica deportiva que implique algunas de las CFB, conlleva un mejor desarrollo a nivel de la cognición, lo que supone un mejor rendimiento académico. Por todo ello, durante el siguiente trabajo, realizaremos un estudio sobre las diferentes CFB que vamos a trabajar en esta propuesta, analizando diferentes ejercicios y actividades que, en primer lugar, no ocasionen daño alguno debido a la edad de nuestros alumnos, y, en segundo lugar, que pueda ser adaptado al juego, ya que para los niños deberían ser practicadas de forma lúdica debido a su atractivo. Si los alumnos se aburren con la actividad, no querrán volver a practicarla de una manera autónoma y solamente lo harán si el maestro o familiar adulto se lo impone.","1",""
"T2-0199","10026910.txt","36 FUENTES ................................................................................................................................ 38 BIBLIOGRAFÍA ................................................................................................................... 39 3 LA PROVINCIA DE SANTANDER: SU CREACIÓN EN EL MARCO DE LAS REFORMAS DE LA ADMINISTRACIÓN TERRITORIAL EN ESPAÑA EN EL TRÁNSITO DEL ANTIGUO RÉGIMEN AL ESTADO LIBERAL. 1. LOS DISTINTOS MODELOS TERRITORIALES QUE CONFORMARON EL PAÍS: UNA REFERENCIA A ESPAÑA DESDE EL ANTIGUO RÉGIMEN HASTA EL SIGLO XIX. A pesar del interés que, en particular, desde que se fue perfilando el Estado Moderno, mostró la Corona, de defectuoso e incompleto puede considerarse el panorama que presentaba la administración territorial de España en el Antiguo Régimen. Una organización deficiente que nos muestra un panorama integrado por un conglomerado dispar de reinos, leyes y formas de organización territorial y jurisdiccional, unido bajo una misma Corona pero sometida cada una de sus partes a sus propias dinámicas1. Un complejo y deslavazado mosaico señalado por una superposición de diferentes jurisdicciones, del que dio cuenta un ilustrado como León de Arroyal, para quien ya avanzado el siglo XVIII; el mapa general de la Península presentaba cosas ridículas de unas provincias encajadas en otras, ángulos irregularísimos por todas partes, capitales situadas a las extremidades de sus partidos, intendencias extensísimas e intendencias muy pequeñas, obispados de cuatro leguas y obispados de setenta, tribunales cuya jurisdicción apenas se extiende fuera de los muros de una ciudad y tribunales que abrazan dos o tres reinos; en fin, todo aquello que debe traer consigo el desorden y la confusión2. 1 Rafael PALACIOS RAMOS, El corregimiento de Laredo y el gobierno de Cantabria en el Antiguo Régimen, 2011, p. 17.","0",""
"T2-0200","10149408.txt","En este grupo también se incluyen a niños menores de 5 años e inmunodeprimidos. IRAIDE AMORROSTA CASTILLO 19 Los contactos próximos habituales son aquellos de prioridad mediana como compañeros de trabajo o colegio, amigos y personas que hayan estado menos de 6 horas con el individuo positivo. En el último grupo se encuentran los contactos causales o de baja prioridad, son aquellos que han mantenido un contacto ocasional. Lo primero que se realiza es la investigación del círculo de prioridad alta y si se detecta que hubiera transmisión se realiza una investigación más amplia a los siguientes grupos de contacto 44, 45. Pautas de actuación Se describen a continuación las pautas a seguir si se establece un contacto con paciente positivo teniendo en cuenta que el periodo de incubación de la infección es de 2 a 12 semanas y el periodo de infecciosidad comienza 3 meses antes del diagnóstico en los casos bacilíferos y un mes antes en personas con cultivo positivo y baciloscopia negativa. Un caso previamente tratado no será declarado si no han pasado al menos 12 meses desde la última vez que haya sido tratado con tratamiento antituberculoso completo o con prueba de tuberculina positiva. En este caso no se le realiza el Mantoux, directamente se pasa a valorar presencia de enfermedad con la radiografía de tórax y pruebas microbiológicas. Por otro lado, si el contacto presenta síntomas propios de la TBC se realiza en un primer momento la prueba de la tuberculina o el IGRA y se valora enfermedad primaria o secundaria como en el caso anterior.","1",""
